"species_id","aou","english_common_name","french_common_name","spanish_common_name","sporder","family","genus","species"
76,3110,"Plain Chachalaca","Ortalide chacamel","Ortalis vetula","Galliformes","Cracidae","Ortalis","vetula"
84,2920,"Mountain Quail","Colin des montagnes","Oreortyx pictus","Galliformes","Odontophoridae","Oreortyx","pictus"
89,2890,"Northern Bobwhite","Colin de Virginie","Colinus virginianus","Galliformes","Odontophoridae","Colinus","virginianus"
91,2930,"Scaled Quail","Colin écaillé","Callipepla squamata","Galliformes","Odontophoridae","Callipepla","squamata"
93,2940,"California Quail","Colin de Californie","Callipepla californica","Galliformes","Odontophoridae","Callipepla","californica"
94,2950,"Gambel's Quail","Colin de Gambel","Callipepla gambelii","Galliformes","Odontophoridae","Callipepla","gambelii"
95,2960,"Montezuma Quail","Colin arlequin","Cyrtonyx montezumae","Galliformes","Odontophoridae","Cyrtonyx","montezumae"
99,2882,"Chukar","Perdrix choukar","Alectoris chukar","Galliformes","Phasianidae","Alectoris","chukar"
102,2881,"Gray Partridge","Perdrix grise","Perdix perdix","Galliformes","Phasianidae","Perdix","perdix"
103,3091,"Ring-necked Pheasant","Faisan de Colchide","Phasianus colchicus","Galliformes","Phasianidae","Phasianus","colchicus"
104,3095,"Indian Peafowl","Paon bleu","Pavo cristatus","Galliformes","Phasianidae","Pavo","cristatus"
105,3000,"Ruffed Grouse","Gélinotte huppée","Bonasa umbellus","Galliformes","Phasianidae","Bonasa","umbellus"
106,3090,"Greater Sage-Grouse","Tétras des armoises","Centrocercus urophasianus","Galliformes","Phasianidae","Centrocercus","urophasianus"
107,3089,"Gunnison Sage-Grouse","Tétras du Gunnison","Centrocercus minimus","Galliformes","Phasianidae","Centrocercus","minimus"
108,2980,"Spruce Grouse","Tétras du Canada","Falcipennis canadensis","Galliformes","Phasianidae","Falcipennis","canadensis"
109,3010,"Willow Ptarmigan","Lagopède des saules","Lagopus lagopus","Galliformes","Phasianidae","Lagopus","lagopus"
110,3020,"Rock Ptarmigan","Lagopède alpin","Lagopus muta","Galliformes","Phasianidae","Lagopus","muta"
111,3040,"White-tailed Ptarmigan","Lagopède à queue blanche","Lagopus leucura","Galliformes","Phasianidae","Lagopus","leucura"
112,2970,"Dusky Grouse","Tétras sombre","Dendragapus obscurus","Galliformes","Phasianidae","Dendragapus","obscurus"
113,2971,"Sooty Grouse","Tétras fuligineux","Dendragapus fuliginosus","Galliformes","Phasianidae","Dendragapus","fuliginosus"
114,2973,"unid. Dusky Grouse / Sooty Grouse","unid Tétras sombre / Tétras fuligineux","Dendragapus obscurus / fuliginosus","Galliformes","Phasianidae","Dendragapus","obscurus / fuliginosus"
115,3080,"Sharp-tailed Grouse","Tétras à queue fine","Tympanuchus phasianellus","Galliformes","Phasianidae","Tympanuchus","phasianellus"
116,3050,"Greater Prairie-Chicken","Tétras des prairies","Tympanuchus cupido","Galliformes","Phasianidae","Tympanuchus","cupido"
117,3070,"Lesser Prairie-Chicken","Tétras pâle","Tympanuchus pallidicinctus","Galliformes","Phasianidae","Tympanuchus","pallidicinctus"
118,3100,"Wild Turkey","Dindon sauvage","Meleagris gallopavo","Galliformes","Phasianidae","Meleagris","gallopavo"
129,3131,"Rock Pigeon","Pigeon biset","Columba livia","Columbiformes","Columbidae","Columba","livia"
133,3140,"White-crowned Pigeon","Pigeon à couronne blanche","Patagioenas leucocephala","Columbiformes","Columbidae","Patagioenas","leucocephala"
134,3130,"Red-billed Pigeon","Pigeon à bec rouge","Patagioenas flavirostris","Columbiformes","Columbidae","Patagioenas","flavirostris"
135,3120,"Band-tailed Pigeon","Pigeon à queue barrée","Patagioenas fasciata","Columbiformes","Columbidae","Patagioenas","fasciata"
138,3152,"African Collared-Dove (a.k.a. Ringed Turtle-Dove)","Tourterelle rieuse","Streptopelia roseogrisea","Columbiformes","Columbidae","Streptopelia","roseogrisea"
140,22860,"Eurasian Collared-Dove","Tourterelle turque","Streptopelia decaocto","Columbiformes","Columbidae","Streptopelia","decaocto"
141,3151,"Spotted Dove","Tourterelle tigrine","Streptopelia chinensis","Columbiformes","Columbidae","Streptopelia","chinensis"
142,3210,"Inca Dove","Colombe inca","Columbina inca","Columbiformes","Columbidae","Columbina","inca"
143,3200,"Common Ground-Dove","Colombe à queue noire","Columbina passerina","Columbiformes","Columbidae","Columbina","passerina"
145,3201,"Ruddy Ground-Dove","Colombe rousse","Columbina talpacoti","Columbiformes","Columbidae","Columbina","talpacoti"
150,3180,"White-tipped Dove","Colombe de Verreaux","Leptotila verreauxi","Columbiformes","Columbidae","Leptotila","verreauxi"
156,3190,"White-winged Dove","Tourterelle à ailes blanches","Zenaida asiatica","Columbiformes","Columbidae","Zenaida","asiatica"
158,3160,"Mourning Dove","Tourterelle triste","Zenaida macroura","Columbiformes","Columbidae","Zenaida","macroura"
164,3870,"Yellow-billed Cuckoo","Coulicou à bec jaune","Coccyzus americanus","Cuculiformes","Cuculidae","Coccyzus","americanus"
165,3860,"Mangrove Cuckoo","Coulicou manioc","Coccyzus minor","Cuculiformes","Cuculidae","Coccyzus","minor"
166,3880,"Black-billed Cuckoo","Coulicou à bec noir","Coccyzus erythropthalmus","Cuculiformes","Cuculidae","Coccyzus","erythropthalmus"
167,3875,"unid. Yellow-billed Cuckoo / Black-billed Cuckoo","unid Coulicou à bec jaune / Coulicou à bec noir","Coccyzus americanus / erythropthalmus","Cuculiformes","Cuculidae","Coccyzus","americanus / erythropthalmus"
172,3850,"Greater Roadrunner","Grand Géocoucou","Geococcyx californianus","Cuculiformes","Cuculidae","Geococcyx","californianus"
173,3830,"Smooth-billed Ani","Ani à bec lisse","Crotophaga ani","Cuculiformes","Cuculidae","Crotophaga","ani"
174,3840,"Groove-billed Ani","Ani à bec cannelé","Crotophaga sulcirostris","Cuculiformes","Cuculidae","Crotophaga","sulcirostris"
195,4220,"Black Swift","Martinet sombre","Cypseloides niger","Apodiformes","Apodidae","Cypseloides","niger"
200,4230,"Chimney Swift","Martinet ramoneur","Chaetura pelagica","Apodiformes","Apodidae","Chaetura","pelagica"
201,4240,"Vaux's Swift","Martinet de Vaux","Chaetura vauxi","Apodiformes","Apodidae","Chaetura","vauxi"
205,4250,"White-throated Swift","Martinet à gorge blanche","Aeronautes saxatalis","Apodiformes","Apodidae","Aeronautes","saxatalis"
218,4260,"Magnificent Hummingbird","Colibri de Rivoli","Eugenes fulgens","Apodiformes","Trochilidae","Eugenes","fulgens"
223,4270,"Blue-throated Hummingbird","Colibri à gorge bleue","Lampornis clemenciae","Apodiformes","Trochilidae","Lampornis","clemenciae"
229,4370,"Lucifer Hummingbird","Colibri lucifer","Calothorax lucifer","Apodiformes","Trochilidae","Calothorax","lucifer"
231,4280,"Ruby-throated Hummingbird","Colibri à gorge rubis","Archilochus colubris","Apodiformes","Trochilidae","Archilochus","colubris"
232,4290,"Black-chinned Hummingbird","Colibri à gorge noire","Archilochus alexandri","Apodiformes","Trochilidae","Archilochus","alexandri"
233,4295,"unid. Ruby-throated / Black-chinned Hummingbird","unid Colibri à gorge rubis / Colibri à gorge noire","Archilochus colubris / alexandri","Apodiformes","Trochilidae","Archilochus","colubris / alexandri"
234,4310,"Anna's Hummingbird","Colibri d'Anna","Calypte anna","Apodiformes","Trochilidae","Calypte","anna"
235,4300,"Costa's Hummingbird","Colibri de Costa","Calypte costae","Apodiformes","Trochilidae","Calypte","costae"
238,4320,"Broad-tailed Hummingbird","Colibri à queue large","Selasphorus platycercus","Apodiformes","Trochilidae","Selasphorus","platycercus"
239,4330,"Rufous Hummingbird","Colibri roux","Selasphorus rufus","Apodiformes","Trochilidae","Selasphorus","rufus"
240,4340,"Allen's Hummingbird","Colibri d'Allen","Selasphorus sasin","Apodiformes","Trochilidae","Selasphorus","sasin"
241,4335,"unid. Rufous Hummingbird / Allen's Hummingbird","unid Colibri roux / Colibri d'Allen","Selasphorus rufus / sasin","Apodiformes","Trochilidae","Selasphorus","rufus / sasin"
242,4402,"unid. Hummingbird","unid Colibri sp.","Trochilid sp.","Apodiformes","Trochilidae","Trochilid","sp."
243,4360,"Calliope Hummingbird","Colibri calliope","Selasphorus calliope","Apodiformes","Trochilidae","Selasphorus","calliope"
248,4410,"Broad-billed Hummingbird","Colibri circé","Cynanthus latirostris","Apodiformes","Trochilidae","Cynanthus","latirostris"
264,4390,"Buff-bellied Hummingbird","Ariane du Yucatan","Amazilia yucatanensis","Apodiformes","Trochilidae","Amazilia","yucatanensis"
266,4391,"Violet-crowned Hummingbird","Ariane à couronne violette","Amazilia violiceps","Apodiformes","Trochilidae","Amazilia","violiceps"
290,21930,"Purple Swamphen","Talève sultane","Porphyrio porphyrio","Gruiformes","Rallidae","Porphyrio","porphyrio"
700,3890,"Elegant Trogon","Trogon élégant","Trogon elegans","Trogoniformes","Trogonidae","Trogon","elegans"
725,4080,"Lewis's Woodpecker","Pic de Lewis","Melanerpes lewis","Piciformes","Picidae","Melanerpes","lewis"
726,4060,"Red-headed Woodpecker","Pic à tête rouge","Melanerpes erythrocephalus","Piciformes","Picidae","Melanerpes","erythrocephalus"
727,4070,"Acorn Woodpecker","Pic glandivore","Melanerpes formicivorus","Piciformes","Picidae","Melanerpes","formicivorus"
732,4110,"Gila Woodpecker","Pic des saguaros","Melanerpes uropygialis","Piciformes","Picidae","Melanerpes","uropygialis"
733,4100,"Golden-fronted Woodpecker","Pic à front doré","Melanerpes aurifrons","Piciformes","Picidae","Melanerpes","aurifrons"
734,4090,"Red-bellied Woodpecker","Pic à ventre roux","Melanerpes carolinus","Piciformes","Picidae","Melanerpes","carolinus"
735,4040,"Williamson's Sapsucker","Pic de Williamson","Sphyrapicus thyroideus","Piciformes","Picidae","Sphyrapicus","thyroideus"
736,4020,"Yellow-bellied Sapsucker","Pic maculé","Sphyrapicus varius","Piciformes","Picidae","Sphyrapicus","varius"
737,4021,"Red-naped Sapsucker","Pic à nuque rouge","Sphyrapicus nuchalis","Piciformes","Picidae","Sphyrapicus","nuchalis"
738,4030,"Red-breasted Sapsucker","Pic à poitrine rouge","Sphyrapicus ruber","Piciformes","Picidae","Sphyrapicus","ruber"
739,4022,"unid. Sapsucker","unid Sphyrapicus sp.","Sphyrapicus sp.","Piciformes","Picidae","Sphyrapicus","sp."
741,3960,"Ladder-backed Woodpecker","Pic arlequin","Picoides scalaris","Piciformes","Picidae","Picoides","scalaris"
742,3970,"Nuttall's Woodpecker","Pic de Nuttall","Picoides nuttallii","Piciformes","Picidae","Picoides","nuttallii"
743,3940,"Downy Woodpecker","Pic mineur","Picoides pubescens","Piciformes","Picidae","Picoides","pubescens"
745,3930,"Hairy Woodpecker","Pic chevelu","Picoides villosus","Piciformes","Picidae","Picoides","villosus"
746,3975,"Arizona Woodpecker","Pic d'Arizona","Picoides arizonae","Piciformes","Picidae","Picoides","arizonae"
748,3950,"Red-cockaded Woodpecker","Pic à face blanche","Picoides borealis","Piciformes","Picidae","Picoides","borealis"
749,3990,"White-headed Woodpecker","Pic à tête blanche","Picoides albolarvatus","Piciformes","Picidae","Picoides","albolarvatus"
750,4010,"American Three-toed Woodpecker","Pic à dos rayé","Picoides dorsalis","Piciformes","Picidae","Picoides","dorsalis"
751,4000,"Black-backed Woodpecker","Pic à dos noir","Picoides arcticus","Piciformes","Picidae","Picoides","arcticus"
754,4123,"(unid. Red/Yellow Shafted) Northern Flicker","Pic flamboyant (groupe non identifié)","Colaptes auratus","Piciformes","Picidae","Colaptes","auratus"
755,4120,"(Yellow-shafted Flicker) Northern Flicker","Pic flamboyant (groupe auratus)","Colaptes auratus auratus","Piciformes","Picidae","Colaptes","auratus auratus"
756,4130,"(Red-shafted Flicker) Northern Flicker","Pic flamboyant (groupe cafer)","Colaptes auratus cafer","Piciformes","Picidae","Colaptes","auratus cafer"
757,4125,"hybrid Northern Flicker (Red x Yellow-shafted)","hybride Pic flamboyant (cafer x auratus)","Colaptes auratus auratus x auratus cafer","Piciformes","Picidae","Colaptes","auratus auratus x auratus cafer"
758,4140,"Gilded Flicker","Pic chrysoïde","Colaptes chrysoides","Piciformes","Picidae","Colaptes","chrysoides"
761,4050,"Pileated Woodpecker","Grand Pic","Dryocopus pileatus","Piciformes","Picidae","Dryocopus","pileatus"
762,3920,"unid. Woodpecker","unid Pic sp.","Woodpecker sp.","Piciformes","Picidae","Woodpecker","sp."
780,3824,"Monk Parakeet","Conure veuve","Myiopsitta monachus","Psittaciformes","Psittacidae","Myiopsitta","monachus"
783,51830,"Nanday Parakeet","Conure nanday","Aratinga nenday","Psittaciformes","Psittacidae","Aratinga","nenday"
797,52021,"Yellow-chevroned Parakeet","Toui à ailes jaunes","Brotogeris chiriri","Psittaciformes","Psittacidae","Brotogeris","chiriri"
798,3827,"unid. White-winged / Yellow-chevroned Parakeet","Toui à ailes variées / Toui à ailes jaunes","Brotogeris versicolurus / chiriri","Psittaciformes","Psittacidae","Brotogeris","versicolurus / chiriri"
803,3826,"Red-crowned Parrot","Amazone à joues vertes","Amazona viridigenalis","Psittaciformes","Psittacidae","Amazona","viridigenalis"
810,3823,"Rose-ringed Parakeet","Perruche à collier","Psittacula krameri","Psittaciformes","Psittaculidae","Psittacula","krameri"
812,3822,"Budgerigar","Perruche ondulée","Melopsittacus undulatus","Psittaciformes","Psittaculidae","Melopsittacus","undulatus"
845,4720,"Northern Beardless-Tyrannulet","Tyranneau imberbe","Camptostoma imberbe","Passeriformes","Tyrannidae","Camptostoma","imberbe"
866,4590,"Olive-sided Flycatcher","Moucherolle à côtés olive","Contopus cooperi","Passeriformes","Tyrannidae","Contopus","cooperi"
867,4600,"Greater Pewee","Moucherolle de Coues","Contopus pertinax","Passeriformes","Tyrannidae","Contopus","pertinax"
868,4620,"Western Wood-Pewee","Pioui de l'Ouest","Contopus sordidulus","Passeriformes","Tyrannidae","Contopus","sordidulus"
869,4610,"Eastern Wood-Pewee","Pioui de l'Est","Contopus virens","Passeriformes","Tyrannidae","Contopus","virens"
872,4630,"Yellow-bellied Flycatcher","Moucherolle à ventre jaune","Empidonax flaviventris","Passeriformes","Tyrannidae","Empidonax","flaviventris"
873,4650,"Acadian Flycatcher","Moucherolle vert","Empidonax virescens","Passeriformes","Tyrannidae","Empidonax","virescens"
874,4661,"Alder Flycatcher","Moucherolle des aulnes","Empidonax alnorum","Passeriformes","Tyrannidae","Empidonax","alnorum"
875,4660,"Willow Flycatcher","Moucherolle des saules","Empidonax traillii","Passeriformes","Tyrannidae","Empidonax","traillii"
876,4665,"unid. Alder Flycatcher / Willow Flycatcher","unid Moucherolle des aulnes / des saules","Empidonax alnorum / traillii","Passeriformes","Tyrannidae","Empidonax","alnorum / traillii"
878,4670,"Least Flycatcher","Moucherolle tchébec","Empidonax minimus","Passeriformes","Tyrannidae","Empidonax","minimus"
879,4680,"Hammond's Flycatcher","Moucherolle de Hammond","Empidonax hammondii","Passeriformes","Tyrannidae","Empidonax","hammondii"
880,4691,"Gray Flycatcher","Moucherolle gris","Empidonax wrightii","Passeriformes","Tyrannidae","Empidonax","wrightii"
881,4690,"Dusky Flycatcher","Moucherolle sombre","Empidonax oberholseri","Passeriformes","Tyrannidae","Empidonax","oberholseri"
882,4689,"unid. Hammond's Flycatcher / Dusky Flycatcher","unid Moucherolle Hammond's / Moucherolle Dusky","Empidonax hammondii / oberholseri","Passeriformes","Tyrannidae","Empidonax","hammondii / oberholseri"
884,4641,"Pacific-slope Flycatcher","Moucherolle côtier","Empidonax difficilis","Passeriformes","Tyrannidae","Empidonax","difficilis"
885,4640,"Cordilleran Flycatcher","Moucherolle des ravins","Empidonax occidentalis","Passeriformes","Tyrannidae","Empidonax","occidentalis"
886,4642,"unid. Cordilleran / Pacific-slope Flycatcher","unid Moucherolle côtier / Moucherolle des ravins","Empidonax difficilis / occidentalis","Passeriformes","Tyrannidae","Empidonax","difficilis / occidentalis"
888,4700,"Buff-breasted Flycatcher","Moucherolle beige","Empidonax fulvifrons","Passeriformes","Tyrannidae","Empidonax","fulvifrons"
889,4679,"unid. Empidonax Flycatcher","unid Empidonax sp.","Empidonax sp.","Passeriformes","Tyrannidae","Empidonax","sp."
890,4580,"Black Phoebe","Moucherolle noir","Sayornis nigricans","Passeriformes","Tyrannidae","Sayornis","nigricans"
891,4560,"Eastern Phoebe","Moucherolle phébi","Sayornis phoebe","Passeriformes","Tyrannidae","Sayornis","phoebe"
892,4570,"Say's Phoebe","Moucherolle à ventre roux","Sayornis saya","Passeriformes","Tyrannidae","Sayornis","saya"
893,4710,"Vermilion Flycatcher","Moucherolle vermillon","Pyrocephalus rubinus","Passeriformes","Tyrannidae","Pyrocephalus","rubinus"
897,4550,"Dusky-capped Flycatcher","Tyran olivâtre","Myiarchus tuberculifer","Passeriformes","Tyrannidae","Myiarchus","tuberculifer"
898,4540,"Ash-throated Flycatcher","Tyran à gorge cendrée","Myiarchus cinerascens","Passeriformes","Tyrannidae","Myiarchus","cinerascens"
900,4520,"Great Crested Flycatcher","Tyran huppé","Myiarchus crinitus","Passeriformes","Tyrannidae","Myiarchus","crinitus"
901,4530,"Brown-crested Flycatcher","Tyran de Wied","Myiarchus tyrannulus","Passeriformes","Tyrannidae","Myiarchus","tyrannulus"
904,4490,"Great Kiskadee","Tyran quiquivi","Pitangus sulphuratus","Passeriformes","Tyrannidae","Pitangus","sulphuratus"
908,4510,"Sulphur-bellied Flycatcher","Tyran tigré","Myiodynastes luteiventris","Passeriformes","Tyrannidae","Myiodynastes","luteiventris"
912,4460,"Tropical Kingbird","Tyran mélancolique","Tyrannus melancholicus","Passeriformes","Tyrannidae","Tyrannus","melancholicus"
913,4461,"Couch's Kingbird","Tyran de Couch","Tyrannus couchii","Passeriformes","Tyrannidae","Tyrannus","couchii"
914,4462,"unid. Tropical Kingbird / Couch's Kingbird","unid Tyran mélancolique / Tyran de Couch","Tyrannus melancholicus / couchii","Passeriformes","Tyrannidae","Tyrannus","melancholicus / couchii"
915,4480,"Cassin's Kingbird","Tyran de Cassin","Tyrannus vociferans","Passeriformes","Tyrannidae","Tyrannus","vociferans"
916,4451,"Thick-billed Kingbird","Tyran à bec épais","Tyrannus crassirostris","Passeriformes","Tyrannidae","Tyrannus","crassirostris"
917,4470,"Western Kingbird","Tyran de l'Ouest","Tyrannus verticalis","Passeriformes","Tyrannidae","Tyrannus","verticalis"
918,4440,"Eastern Kingbird","Tyran tritri","Tyrannus tyrannus","Passeriformes","Tyrannidae","Tyrannus","tyrannus"
919,4450,"Gray Kingbird","Tyran gris","Tyrannus dominicensis","Passeriformes","Tyrannidae","Tyrannus","dominicensis"
921,4447,"unid. Cassin's Kingbird / Western Kingbird","unid Tyran de Cassin / Tyran de l'Ouest","Tyrannus vociferans / verticalis","Passeriformes","Tyrannidae","Tyrannus","vociferans / verticalis"
922,4430,"Scissor-tailed Flycatcher","Tyran à longue queue","Tyrannus forficatus","Passeriformes","Tyrannidae","Tyrannus","forficatus"
923,4420,"Fork-tailed Flycatcher","Tyran des savanes","Tyrannus savana","Passeriformes","Tyrannidae","Tyrannus","savana"
938,6220,"Loggerhead Shrike","Pie-grièche migratrice","Lanius ludovicianus","Passeriformes","Laniidae","Lanius","ludovicianus"
939,6210,"Northern Shrike","Pie-grièche grise","Lanius excubitor","Passeriformes","Laniidae","Lanius","excubitor"
947,6300,"Black-capped Vireo","Viréo à tête noire","Vireo atricapilla","Passeriformes","Vireonidae","Vireo","atricapilla"
949,6310,"White-eyed Vireo","Viréo aux yeux blancs","Vireo griseus","Passeriformes","Vireonidae","Vireo","griseus"
954,6330,"Bell's Vireo","Viréo de Bell","Vireo bellii","Passeriformes","Vireonidae","Vireo","bellii"
955,6340,"Gray Vireo","Viréo gris","Vireo vicinior","Passeriformes","Vireonidae","Vireo","vicinior"
956,6320,"Hutton's Vireo","Viréo de Hutton","Vireo huttoni","Passeriformes","Vireonidae","Vireo","huttoni"
957,6280,"Yellow-throated Vireo","Viréo à gorge jaune","Vireo flavifrons","Passeriformes","Vireonidae","Vireo","flavifrons"
958,6291,"Cassin's Vireo","Viréo de Cassin","Vireo cassinii","Passeriformes","Vireonidae","Vireo","cassinii"
959,6290,"Blue-headed Vireo","Viréo à tête bleue","Vireo solitarius","Passeriformes","Vireonidae","Vireo","solitarius"
960,6296,"unid. Plumbeous Vireo / Cassin's Vireo","unid Viréo plombé / Viréo de Cassin","Vireo plumbeus / solitarius","Passeriformes","Vireonidae","Vireo","plumbeus / solitarius"
961,6295,"unid. Cassin's Vireo / Blue-headed Vireo","unid Viréo de Cassin / Viréo à tête bleue","Vireo cassinii / solitarius","Passeriformes","Vireonidae","Vireo","cassinii / solitarius"
962,6292,"Plumbeous Vireo","Viréo plombé","Vireo plumbeus","Passeriformes","Vireonidae","Vireo","plumbeus"
963,6260,"Philadelphia Vireo","Viréo de Philadelphie","Vireo philadelphicus","Passeriformes","Vireonidae","Vireo","philadelphicus"
964,6270,"Warbling Vireo","Viréo mélodieux","Vireo gilvus","Passeriformes","Vireonidae","Vireo","gilvus"
966,6240,"Red-eyed Vireo","Viréo aux yeux rouges","Vireo olivaceus","Passeriformes","Vireonidae","Vireo","olivaceus"
968,6230,"Black-whiskered Vireo","Viréo à moustaches","Vireo altiloquus","Passeriformes","Vireonidae","Vireo","altiloquus"
970,4840,"Gray Jay","Mésangeai du Canada","Perisoreus canadensis","Passeriformes","Corvidae","Perisoreus","canadensis"
979,4830,"Green Jay","Geai vert","Cyanocorax yncas","Passeriformes","Corvidae","Cyanocorax","yncas"
983,4920,"Pinyon Jay","Geai des pinèdes","Gymnorhinus cyanocephalus","Passeriformes","Corvidae","Gymnorhinus","cyanocephalus"
984,4780,"Steller's Jay","Geai de Steller","Cyanocitta stelleri","Passeriformes","Corvidae","Cyanocitta","stelleri"
985,4770,"Blue Jay","Geai bleu","Cyanocitta cristata","Passeriformes","Corvidae","Cyanocitta","cristata"
986,4790,"Florida Scrub-Jay","Geai à gorge blanche","Aphelocoma coerulescens","Passeriformes","Corvidae","Aphelocoma","coerulescens"
987,4811,"Island Scrub-Jay","Geai de Santa Cruz","Aphelocoma insularis","Passeriformes","Corvidae","Aphelocoma","insularis"
988,4812,"California Scrub-Jay","Geai buissonnier","Aphelocoma californica","Passeriformes","Corvidae","Aphelocoma","californica"
989,4813,"Woodhouse's Scrub-Jay","Geai de Woodhouse","Aphelocoma woodhouseii","Passeriformes","Corvidae","Aphelocoma","woodhouseii"
990,4810,"unid. California Scrub-Jay / Woodhouse's Scrub-Jay","unid Geai buissonnier / Geai de Woodhouse","Aphelocoma californica / woodhouseii","Passeriformes","Corvidae","Aphelocoma","californica / woodhouseii"
992,4820,"Mexican Jay","Geai du Mexique","Aphelocoma wollweberi","Passeriformes","Corvidae","Aphelocoma","wollweberi"
994,4910,"Clark's Nutcracker","Cassenoix d'Amérique","Nucifraga columbiana","Passeriformes","Corvidae","Nucifraga","columbiana"
995,4750,"Black-billed Magpie","Pie d'Amérique","Pica hudsonia","Passeriformes","Corvidae","Pica","hudsonia"
996,4760,"Yellow-billed Magpie","Pie à bec jaune","Pica nuttalli","Passeriformes","Corvidae","Pica","nuttalli"
998,4880,"American Crow","Corneille d'Amérique","Corvus brachyrhynchos","Passeriformes","Corvidae","Corvus","brachyrhynchos"
999,4890,"Northwestern Crow","Corneille d'Alaska","Corvus caurinus","Passeriformes","Corvidae","Corvus","caurinus"
1002,4900,"Fish Crow","Corneille de rivage","Corvus ossifragus","Passeriformes","Corvidae","Corvus","ossifragus"
1003,4881,"unid. American Crow / Fish Crow","unid Corneille d'Amérique / Corneille de rivage","Corvus brachyrhynchos / ossifragus","Passeriformes","Corvidae","Corvus","brachyrhynchos / ossifragus"
1004,4882,"unid. American Crow / Northwestern Crow","unid Corneille d'Amérique / Corneille d'Alaska","Corvus brachyrhynchos / caurinus","Passeriformes","Corvidae","Corvus","brachyrhynchos / caurinus"
1005,4870,"Chihuahuan Raven","Corbeau à cou blanc","Corvus cryptoleucus","Passeriformes","Corvidae","Corvus","cryptoleucus"
1006,4860,"Common Raven","Grand Corbeau","Corvus corax","Passeriformes","Corvidae","Corvus","corax"
1007,4865,"unid. Chihuahuan Raven / Common Raven","unid Grand Corbeau / Corbeau à cou blanc","Corvus cryptoleucus / corax","Passeriformes","Corvidae","Corvus","cryptoleucus / corax"
1008,4730,"Eurasian Skylark","Alouette des champs","Alauda arvensis","Passeriformes","Alaudidae","Alauda","arvensis"
1009,4740,"Horned Lark","Alouette hausse-col","Eremophila alpestris","Passeriformes","Alaudidae","Eremophila","alpestris"
1010,6110,"Purple Martin","Hirondelle noire","Progne subis","Passeriformes","Hirundinidae","Progne","subis"
1016,6140,"Tree Swallow","Hirondelle bicolore","Tachycineta bicolor","Passeriformes","Hirundinidae","Tachycineta","bicolor"
1018,6150,"Violet-green Swallow","Hirondelle à face blanche","Tachycineta thalassina","Passeriformes","Hirundinidae","Tachycineta","thalassina"
1022,6170,"Northern Rough-winged Swallow","Hirondelle à ailes hérissées","Stelgidopteryx serripennis","Passeriformes","Hirundinidae","Stelgidopteryx","serripennis"
1024,6160,"Bank Swallow","Hirondelle de rivage","Riparia riparia","Passeriformes","Hirundinidae","Riparia","riparia"
1025,6120,"Cliff Swallow","Hirondelle à front blanc","Petrochelidon pyrrhonota","Passeriformes","Hirundinidae","Petrochelidon","pyrrhonota"
1026,6121,"Cave Swallow","Hirondelle à front brun","Petrochelidon fulva","Passeriformes","Hirundinidae","Petrochelidon","fulva"
1027,6122,"unid. Cave Swallow / Cliff Swallow","unid Hirondelle à front blanc / à front brun","Petrochelidon pyrrhonota / fulva","Passeriformes","Hirundinidae","Petrochelidon","pyrrhonota / fulva"
1028,6130,"Barn Swallow","Hirondelle rustique","Hirundo rustica","Passeriformes","Hirundinidae","Hirundo","rustica"
1030,7360,"Carolina Chickadee","Mésange de Caroline","Poecile carolinensis","Passeriformes","Paridae","Poecile","carolinensis"
1031,7350,"Black-capped Chickadee","Mésange à tête noire","Poecile atricapillus","Passeriformes","Paridae","Poecile","atricapillus"
1032,7380,"Mountain Chickadee","Mésange de Gambel","Poecile gambeli","Passeriformes","Paridae","Poecile","gambeli"
1033,7370,"Mexican Chickadee","Mésange grise","Poecile sclateri","Passeriformes","Paridae","Poecile","sclateri"
1034,7410,"Chestnut-backed Chickadee","Mésange à dos marron","Poecile rufescens","Passeriformes","Paridae","Poecile","rufescens"
1035,7400,"Boreal Chickadee","Mésange à tête brune","Poecile hudsonicus","Passeriformes","Paridae","Poecile","hudsonicus"
1037,7352,"unid. Carolina Chickadee / Black-capped Chickadee","unid Mésange de Caroline / Mésange à tête noire","Poecile carolinensis / atricapillus","Passeriformes","Paridae","Poecile","carolinensis / atricapillus"
1038,7353,"unid. Black-capped Chickadee / Mountain Chickadee","unid Mésange à tête noire / Mésange de Gambel","Poecile atricapillus / gambeli","Passeriformes","Paridae","Poecile","atricapillus / gambeli"
1039,7354,"unid. Black-capped Chickadee / Boreal Chickadee","unid Mésange à tête noire / Mésange à tête brune","Poecile atricapillus / hudsonicus","Passeriformes","Paridae","Poecile","atricapillus / hudsonicus"
1040,7351,"unid. western chickadee species","unid Mésange sp. de l'Ouest","Poecile sp.","Passeriformes","Paridae","Poecile","sp."
1041,7340,"Bridled Titmouse","Mésange arlequin","Baeolophus wollweberi","Passeriformes","Paridae","Baeolophus","wollweberi"
1042,7330,"Oak Titmouse","Mésange unicolore","Baeolophus inornatus","Passeriformes","Paridae","Baeolophus","inornatus"
1043,7331,"Juniper Titmouse","Mésange des genévriers","Baeolophus ridgwayi","Passeriformes","Paridae","Baeolophus","ridgwayi"
1044,7332,"unid. Oak Titmouse / Juniper Titmouse","unid unid Mésange unicolore / Mésange des genévrie","Baeolophus inornatus / ridgwayi","Passeriformes","Paridae","Baeolophus","inornatus / ridgwayi"
1045,7310,"Tufted Titmouse","Mésange bicolore","Baeolophus bicolor","Passeriformes","Paridae","Baeolophus","bicolor"
1046,7320,"Black-crested Titmouse","Mésange à plumet noir","Baeolophus atricristatus","Passeriformes","Paridae","Baeolophus","atricristatus"
1047,7315,"unid. Tufted Titmouse / Black-crested Titmouse","unid Mésange bicolore / Mésange à plumet noir","Baeolophus bicolor / atricristatus","Passeriformes","Paridae","Baeolophus","bicolor / atricristatus"
1048,7460,"Verdin","Auripare verdin","Auriparus flaviceps","Passeriformes","Remizidae","Auriparus","flaviceps"
1049,7430,"Bushtit","Mésange buissonnière","Psaltriparus minimus","Passeriformes","Aegithalidae","Psaltriparus","minimus"
1050,7280,"Red-breasted Nuthatch","Sittelle à poitrine rousse","Sitta canadensis","Passeriformes","Sittidae","Sitta","canadensis"
1051,7270,"White-breasted Nuthatch","Sittelle à poitrine blanche","Sitta carolinensis","Passeriformes","Sittidae","Sitta","carolinensis"
1052,7300,"Pygmy Nuthatch","Sittelle pygmée","Sitta pygmaea","Passeriformes","Sittidae","Sitta","pygmaea"
1053,7290,"Brown-headed Nuthatch","Sittelle à tête brune","Sitta pusilla","Passeriformes","Sittidae","Sitta","pusilla"
1054,7260,"Brown Creeper","Grimpereau brun","Certhia americana","Passeriformes","Certhiidae","Certhia","americana"
1055,7150,"Rock Wren","Troglodyte des rochers","Salpinctes obsoletus","Passeriformes","Troglodytidae","Salpinctes","obsoletus"
1057,7170,"Canyon Wren","Troglodyte des canyons","Catherpes mexicanus","Passeriformes","Troglodytidae","Catherpes","mexicanus"
1060,7210,"House Wren","Troglodyte familier","Troglodytes aedon","Passeriformes","Troglodytidae","Troglodytes","aedon"
1064,7221,"Pacific Wren","Troglodyte de Baird","Troglodytes pacificus","Passeriformes","Troglodytidae","Troglodytes","pacificus"
1065,7222,"Winter Wren","Troglodyte des forêts","Troglodytes hiemalis","Passeriformes","Troglodytidae","Troglodytes","hiemalis"
1066,7220,"unid. Pacific Wren / Winter Wren","unid Troglodyte des forêts / Troglodyte de Baird","Troglodytes pacificus / hiemalis","Passeriformes","Troglodytidae","Troglodytes","pacificus / hiemalis"
1067,7240,"Sedge Wren","Troglodyte à bec court","Cistothorus platensis","Passeriformes","Troglodytidae","Cistothorus","platensis"
1068,7250,"Marsh Wren","Troglodyte des marais","Cistothorus palustris","Passeriformes","Troglodytidae","Cistothorus","palustris"
1069,7180,"Carolina Wren","Troglodyte de Caroline","Thryothorus ludovicianus","Passeriformes","Troglodytidae","Thryothorus","ludovicianus"
1070,7190,"Bewick's Wren","Troglodyte de Bewick","Thryomanes bewickii","Passeriformes","Troglodytidae","Thryomanes","bewickii"
1078,7130,"Cactus Wren","Troglodyte des cactus","Campylorhynchus brunneicapillus","Passeriformes","Troglodytidae","Campylorhynchus","brunneicapillus"
1082,16600,"Sinaloa Wren","Troglodyte du Sinaloa","Thryophilus sinaloa","Passeriformes","Troglodytidae","Thryophilus","sinaloa"
1089,7510,"Blue-gray Gnatcatcher","Gobemoucheron gris-bleu","Polioptila caerulea","Passeriformes","Polioptilidae","Polioptila","caerulea"
1090,7530,"California Gnatcatcher","Gobemoucheron de Californie","Polioptila californica","Passeriformes","Polioptilidae","Polioptila","californica"
1091,7520,"Black-tailed Gnatcatcher","Gobemoucheron à queue noire","Polioptila melanura","Passeriformes","Polioptilidae","Polioptila","melanura"
1095,7539,"unid. Blue-gray / Black-tailed Gnatcatcher","unid Gobemoucheron gris-bleu / à queue noire","Polioptila caerulea / melanura","Passeriformes","Polioptilidae","Polioptila","caerulea / melanura"
1099,7480,"Golden-crowned Kinglet","Roitelet à couronne dorée","Regulus satrapa","Passeriformes","Regulidae","Regulus","satrapa"
1100,7490,"Ruby-crowned Kinglet","Roitelet à couronne rubis","Regulus calendula","Passeriformes","Regulidae","Regulus","calendula"
1107,7470,"Arctic Warbler","Pouillot boréal","Phylloscopus borealis","Passeriformes","Phylloscopidae","Phylloscopus","borealis"
1110,7420,"Wrentit","Cama brune","Chamaea fasciata","Passeriformes","Sylviidae","Chamaea","fasciata"
1120,7640,"Bluethroat","Gorgebleue à miroir","Luscinia svecica","Passeriformes","Muscicapidae","Luscinia","svecica"
1127,7650,"Northern Wheatear","Traquet motteux","Oenanthe oenanthe","Passeriformes","Muscicapidae","Oenanthe","oenanthe"
1129,7660,"Eastern Bluebird","Merlebleu de l'Est","Sialia sialis","Passeriformes","Turdidae","Sialia","sialis"
1130,7670,"Western Bluebird","Merlebleu de l'Ouest","Sialia mexicana","Passeriformes","Turdidae","Sialia","mexicana"
1131,7680,"Mountain Bluebird","Merlebleu azuré","Sialia currucoides","Passeriformes","Turdidae","Sialia","currucoides"
1132,7540,"Townsend's Solitaire","Solitaire de Townsend","Myadestes townsendi","Passeriformes","Turdidae","Myadestes","townsendi"
1140,7560,"Veery","Grive fauve","Catharus fuscescens","Passeriformes","Turdidae","Catharus","fuscescens"
1141,7570,"Gray-cheeked Thrush","Grive à joues grises","Catharus minimus","Passeriformes","Turdidae","Catharus","minimus"
1142,7571,"Bicknell's Thrush","Grive de Bicknell","Catharus bicknelli","Passeriformes","Turdidae","Catharus","bicknelli"
1143,7580,"Swainson's Thrush","Grive à dos olive","Catharus ustulatus","Passeriformes","Turdidae","Catharus","ustulatus"
1144,7590,"Hermit Thrush","Grive solitaire","Catharus guttatus","Passeriformes","Turdidae","Catharus","guttatus"
1145,7550,"Wood Thrush","Grive des bois","Hylocichla mustelina","Passeriformes","Turdidae","Hylocichla","mustelina"
1158,7610,"American Robin","Merle d'Amérique","Turdus migratorius","Passeriformes","Turdidae","Turdus","migratorius"
1160,7630,"Varied Thrush","Grive à collier","Ixoreus naevius","Passeriformes","Turdidae","Ixoreus","naevius"
1165,7040,"Gray Catbird","Moqueur chat","Dumetella carolinensis","Passeriformes","Mimidae","Dumetella","carolinensis"
1166,7070,"Curve-billed Thrasher","Moqueur à bec courbe","Toxostoma curvirostre","Passeriformes","Mimidae","Toxostoma","curvirostre"
1168,7050,"Brown Thrasher","Moqueur roux","Toxostoma rufum","Passeriformes","Mimidae","Toxostoma","rufum"
1169,7060,"Long-billed Thrasher","Moqueur à long bec","Toxostoma longirostre","Passeriformes","Mimidae","Toxostoma","longirostre"
1171,7080,"Bendire's Thrasher","Moqueur de Bendire","Toxostoma bendirei","Passeriformes","Mimidae","Toxostoma","bendirei"
1173,7100,"California Thrasher","Moqueur de Californie","Toxostoma redivivum","Passeriformes","Mimidae","Toxostoma","redivivum"
1174,7110,"Le Conte's Thrasher","Moqueur de Le Conte","Toxostoma lecontei","Passeriformes","Mimidae","Toxostoma","lecontei"
1175,7120,"Crissal Thrasher","Moqueur cul-roux","Toxostoma crissale","Passeriformes","Mimidae","Toxostoma","crissale"
1176,7020,"Sage Thrasher","Moqueur des armoises","Oreoscoptes montanus","Passeriformes","Mimidae","Oreoscoptes","montanus"
1177,7031,"Bahama Mockingbird","Moqueur des Bahamas","Mimus gundlachii","Passeriformes","Mimidae","Mimus","gundlachii"
1180,7030,"Northern Mockingbird","Moqueur polyglotte","Mimus polyglottos","Passeriformes","Mimidae","Mimus","polyglottos"
1181,4930,"European Starling","Étourneau sansonnet","Sturnus vulgaris","Passeriformes","Sturnidae","Sturnus","vulgaris"
1182,4932,"Common Myna","Martin triste","Acridotheres tristis","Passeriformes","Sturnidae","Acridotheres","tristis"
1184,6180,"Bohemian Waxwing","Jaseur boréal","Bombycilla garrulus","Passeriformes","Bombycillidae","Bombycilla","garrulus"
1185,6190,"Cedar Waxwing","Jaseur d'Amérique","Bombycilla cedrorum","Passeriformes","Bombycillidae","Bombycilla","cedrorum"
1186,6185,"unid. Cedar Waxwing / Bohemian Waxwing","unid Jaseur sp.","Bombycilla garrulus / cedrorum","Passeriformes","Bombycillidae","Bombycilla","garrulus / cedrorum"
1188,6200,"Phainopepla","Phénopèple luisant","Phainopepla nitens","Passeriformes","Ptiliogonatidae","Phainopepla","nitens"
1189,6510,"Olive Warbler","Fauvine des pins","Peucedramus taeniatus","Passeriformes","Peucedramidae","Peucedramus","taeniatus"
1191,19500,"Northern Red Bishop","Euplecte franciscain","Euplectes franciscanus","Passeriformes","Ploceidae","Euplectes","franciscanus"
1195,6882,"House Sparrow","Moineau domestique","Passer domesticus","Passeriformes","Passeridae","Passer","domesticus"
1196,6883,"Eurasian Tree Sparrow","Moineau friquet","Passer montanus","Passeriformes","Passeridae","Passer","montanus"
1197,6960,"Eastern Yellow Wagtail","Bergeronnette de Béringie","Motacilla tschutschensis","Passeriformes","Motacillidae","Motacilla","tschutschensis"
1200,6940,"White Wagtail","Bergeronnette grise","Motacilla alba","Passeriformes","Motacillidae","Motacilla","alba"
1204,6990,"Red-throated Pipit","Pipit à gorge rousse","Anthus cervinus","Passeriformes","Motacillidae","Anthus","cervinus"
1205,6970,"American Pipit","Pipit d'Amérique","Anthus rubescens","Passeriformes","Motacillidae","Anthus","rubescens"
1206,7000,"Sprague's Pipit","Pipit de Sprague","Anthus spragueii","Passeriformes","Motacillidae","Anthus","spragueii"
1216,5240,"Gray-crowned Rosy-Finch","Roselin à tête grise","Leucosticte tephrocotis","Passeriformes","Fringillidae","Leucosticte","tephrocotis"
1217,5250,"Black Rosy-Finch","Roselin noir","Leucosticte atrata","Passeriformes","Fringillidae","Leucosticte","atrata"
1218,5260,"Brown-capped Rosy-Finch","Roselin à tête brune","Leucosticte australis","Passeriformes","Fringillidae","Leucosticte","australis"
1219,5150,"Pine Grosbeak","Durbec des sapins","Pinicola enucleator","Passeriformes","Fringillidae","Pinicola","enucleator"
1222,5190,"House Finch","Roselin familier","Haemorhous mexicanus","Passeriformes","Fringillidae","Haemorhous","mexicanus"
1223,5170,"Purple Finch","Roselin pourpré","Haemorhous purpureus","Passeriformes","Fringillidae","Haemorhous","purpureus"
1224,5180,"Cassin's Finch","Roselin de Cassin","Haemorhous cassinii","Passeriformes","Fringillidae","Haemorhous","cassinii"
1225,5195,"unid. Purple Finch / Cassin's Finch / House Finch","unid Roselin pourpré / de Cassin / familier","Carpodacus purpureus / cassinii / mexicanus","Passeriformes","Fringillidae","Carpodacus","purpureus / cassinii / mexicanus"
1226,5210,"Red Crossbill","Bec-croisé des sapins","Loxia curvirostra","Passeriformes","Fringillidae","Loxia","curvirostra"
1227,5220,"White-winged Crossbill","Bec-croisé bifascié","Loxia leucoptera","Passeriformes","Fringillidae","Loxia","leucoptera"
1228,5225,"unid. Red Crossbill / White-winged Crossbill","unid Bec-croisé des sapins / Bec-croisé bifascié","Loxia curvirostra / leucoptera","Passeriformes","Fringillidae","Loxia","curvirostra / leucoptera"
1229,5280,"Common Redpoll","Sizerin flammé","Acanthis flammea","Passeriformes","Fringillidae","Acanthis","flammea"
1230,5270,"Hoary Redpoll","Sizerin blanchâtre","Acanthis hornemanni","Passeriformes","Fringillidae","Acanthis","hornemanni"
1231,5275,"unid. Common Redpoll / Hoary Redpoll","unid Sizerin flame / Sizerin blanchâtre","Carduelis flammea / hornemanni","Passeriformes","Fringillidae","Carduelis","flammea / hornemanni"
1233,5330,"Pine Siskin","Tarin des pins","Spinus pinus","Passeriformes","Fringillidae","Spinus","pinus"
1236,5300,"Lesser Goldfinch","Chardonneret mineur","Spinus psaltria","Passeriformes","Fringillidae","Spinus","psaltria"
1237,5310,"Lawrence's Goldfinch","Chardonneret gris","Spinus lawrencei","Passeriformes","Fringillidae","Spinus","lawrencei"
1238,5290,"American Goldfinch","Chardonneret jaune","Spinus tristis","Passeriformes","Fringillidae","Spinus","tristis"
1243,5140,"Evening Grosbeak","Gros-bec errant","Coccothraustes vespertinus","Passeriformes","Fringillidae","Coccothraustes","vespertinus"
1245,5360,"Lapland Longspur","Plectrophane lapon","Calcarius lapponicus","Passeriformes","Calcariidae","Calcarius","lapponicus"
1246,5380,"Chestnut-collared Longspur","Plectrophane à ventre noir","Calcarius ornatus","Passeriformes","Calcariidae","Calcarius","ornatus"
1247,5370,"Smith's Longspur","Plectrophane de Smith","Calcarius pictus","Passeriformes","Calcariidae","Calcarius","pictus"
1248,5390,"McCown's Longspur","Plectrophane de McCown","Rhynchophanes mccownii","Passeriformes","Calcariidae","Rhynchophanes","mccownii"
1249,5340,"Snow Bunting","Plectrophane des neiges","Plectrophenax nivalis","Passeriformes","Calcariidae","Plectrophenax","nivalis"
1251,6740,"Ovenbird","Paruline couronnée","Seiurus aurocapilla","Passeriformes","Parulidae","Seiurus","aurocapilla"
1252,6390,"Worm-eating Warbler","Paruline vermivore","Helmitheros vermivorum","Passeriformes","Parulidae","Helmitheros","vermivorum"
1253,6760,"Louisiana Waterthrush","Paruline hochequeue","Parkesia motacilla","Passeriformes","Parulidae","Parkesia","motacilla"
1254,6750,"Northern Waterthrush","Paruline des ruisseaux","Parkesia noveboracensis","Passeriformes","Parulidae","Parkesia","noveboracensis"
1255,6420,"Golden-winged Warbler","Paruline à ailes dorées","Vermivora chrysoptera","Passeriformes","Parulidae","Vermivora","chrysoptera"
1256,6410,"Blue-winged Warbler","Paruline à ailes bleues","Vermivora cyanoptera","Passeriformes","Parulidae","Vermivora","cyanoptera"
1257,6412,"Brewster's Warbler (Golden-winged x Blue-winged)","Paruline de Brewster","Vermivora cyanoptera x chrysoptera","Passeriformes","Parulidae","Vermivora","cyanoptera x chrysoptera"
1258,6413,"Lawrence's Warbler (Golden-winged x Blue-winged)","Paruline de Lawrence","Vermivora chrysoptera x cyanoptera","Passeriformes","Parulidae","Vermivora","chrysoptera x cyanoptera"
1259,6360,"Black-and-white Warbler","Paruline noir et blanc","Mniotilta varia","Passeriformes","Parulidae","Mniotilta","varia"
1260,6370,"Prothonotary Warbler","Paruline orangée","Protonotaria citrea","Passeriformes","Parulidae","Protonotaria","citrea"
1261,6380,"Swainson's Warbler","Paruline de Swainson","Limnothlypis swainsonii","Passeriformes","Parulidae","Limnothlypis","swainsonii"
1263,6470,"Tennessee Warbler","Paruline obscure","Oreothlypis peregrina","Passeriformes","Parulidae","Oreothlypis","peregrina"
1264,6460,"Orange-crowned Warbler","Paruline verdâtre","Oreothlypis celata","Passeriformes","Parulidae","Oreothlypis","celata"
1266,6430,"Lucy's Warbler","Paruline de Lucy","Oreothlypis luciae","Passeriformes","Parulidae","Oreothlypis","luciae"
1267,6450,"Nashville Warbler","Paruline à joues grises","Oreothlypis ruficapilla","Passeriformes","Parulidae","Oreothlypis","ruficapilla"
1268,6440,"Virginia's Warbler","Paruline de Virginia","Oreothlypis virginiae","Passeriformes","Parulidae","Oreothlypis","virginiae"
1269,6780,"Connecticut Warbler","Paruline à gorge grise","Oporornis agilis","Passeriformes","Parulidae","Oporornis","agilis"
1271,6800,"MacGillivray's Warbler","Paruline des buissons","Geothlypis tolmiei","Passeriformes","Parulidae","Geothlypis","tolmiei"
1272,6790,"Mourning Warbler","Paruline triste","Geothlypis philadelphia","Passeriformes","Parulidae","Geothlypis","philadelphia"
1273,6770,"Kentucky Warbler","Paruline du Kentucky","Geothlypis formosa","Passeriformes","Parulidae","Geothlypis","formosa"
1277,6810,"Common Yellowthroat","Paruline masquée","Geothlypis trichas","Passeriformes","Parulidae","Geothlypis","trichas"
1279,6840,"Hooded Warbler","Paruline à capuchon","Setophaga citrina","Passeriformes","Parulidae","Setophaga","citrina"
1280,6870,"American Redstart","Paruline flamboyante","Setophaga ruticilla","Passeriformes","Parulidae","Setophaga","ruticilla"
1281,6700,"Kirtland's Warbler","Paruline de Kirtland","Setophaga kirtlandii","Passeriformes","Parulidae","Setophaga","kirtlandii"
1282,6500,"Cape May Warbler","Paruline tigrée","Setophaga tigrina","Passeriformes","Parulidae","Setophaga","tigrina"
1283,6580,"Cerulean Warbler","Paruline azurée","Setophaga cerulea","Passeriformes","Parulidae","Setophaga","cerulea"
1284,6480,"Northern Parula","Paruline à collier","Setophaga americana","Passeriformes","Parulidae","Setophaga","americana"
1285,6490,"Tropical Parula","Paruline à joues noires","Setophaga pitiayumi","Passeriformes","Parulidae","Setophaga","pitiayumi"
1286,6570,"Magnolia Warbler","Paruline à tête cendrée","Setophaga magnolia","Passeriformes","Parulidae","Setophaga","magnolia"
1287,6600,"Bay-breasted Warbler","Paruline à poitrine baie","Setophaga castanea","Passeriformes","Parulidae","Setophaga","castanea"
1288,6620,"Blackburnian Warbler","Paruline à gorge orangée","Setophaga fusca","Passeriformes","Parulidae","Setophaga","fusca"
1289,6520,"Yellow Warbler","Paruline jaune","Setophaga petechia","Passeriformes","Parulidae","Setophaga","petechia"
1290,6590,"Chestnut-sided Warbler","Paruline à flancs marron","Setophaga pensylvanica","Passeriformes","Parulidae","Setophaga","pensylvanica"
1291,6610,"Blackpoll Warbler","Paruline rayée","Setophaga striata","Passeriformes","Parulidae","Setophaga","striata"
1292,6540,"Black-throated Blue Warbler","Paruline bleue","Setophaga caerulescens","Passeriformes","Parulidae","Setophaga","caerulescens"
1293,6720,"Palm Warbler","Paruline à couronne rousse","Setophaga palmarum","Passeriformes","Parulidae","Setophaga","palmarum"
1294,6710,"Pine Warbler","Paruline des pins","Setophaga pinus","Passeriformes","Parulidae","Setophaga","pinus"
1295,6550,"(Myrtle Warbler) Yellow-rumped Warbler","Paruline à croupion jaune (groupe coronata)","Setophaga coronata coronata","Passeriformes","Parulidae","Setophaga","coronata coronata"
1296,6560,"(Audubon's Warbler) Yellow-rumped Warbler","Paruline à croupion jaune (groupe auduboni)","Setophaga coronata audoboni","Passeriformes","Parulidae","Setophaga","coronata audoboni"
1297,6556,"(unid. Myrtle/Audubon's) Yellow-rumped Warbler","Par. à croupion jaune (sous-espèce non identifié)","Setophaga coronata","Passeriformes","Parulidae","Setophaga","coronata"
1298,6630,"Yellow-throated Warbler","Paruline à gorge jaune","Setophaga dominica","Passeriformes","Parulidae","Setophaga","dominica"
1299,6730,"Prairie Warbler","Paruline des prés","Setophaga discolor","Passeriformes","Parulidae","Setophaga","discolor"
1300,6640,"Grace's Warbler","Paruline de Grace","Setophaga graciae","Passeriformes","Parulidae","Setophaga","graciae"
1301,6650,"Black-throated Gray Warbler","Paruline grise","Setophaga nigrescens","Passeriformes","Parulidae","Setophaga","nigrescens"
1302,6680,"Townsend's Warbler","Paruline de Townsend","Setophaga townsendi","Passeriformes","Parulidae","Setophaga","townsendi"
1303,6690,"Hermit Warbler","Paruline à tête jaune","Setophaga occidentalis","Passeriformes","Parulidae","Setophaga","occidentalis"
1304,6686,"hybrid Townsend's Warbler x Hermit Warbler","hybride Paruline de Townsend x à tête jaune","Icterus townsendi x occidentalis","Passeriformes","Icteridae","Icterus","townsendi x occidentalis"
1305,6685,"unid. Townsend's Warbler / Hermit Warbler","unid Paruline de Townsend / Paruline à tête jaune","Setophaga townsendi / occidentalis","Passeriformes","Parulidae","Setophaga","townsendi / occidentalis"
1306,6660,"Golden-cheeked Warbler","Paruline à dos noir","Setophaga chrysoparia","Passeriformes","Parulidae","Setophaga","chrysoparia"
1307,6670,"Black-throated Green Warbler","Paruline à gorge noire","Setophaga virens","Passeriformes","Parulidae","Setophaga","virens"
1312,6860,"Canada Warbler","Paruline du Canada","Cardellina canadensis","Passeriformes","Parulidae","Cardellina","canadensis"
1313,6850,"Wilson's Warbler","Paruline à calotte noire","Cardellina pusilla","Passeriformes","Parulidae","Cardellina","pusilla"
1314,6900,"Red-faced Warbler","Paruline à face rouge","Cardellina rubrifrons","Passeriformes","Parulidae","Cardellina","rubrifrons"
1317,6880,"Painted Redstart","Paruline à ailes blanches","Myioborus pictus","Passeriformes","Parulidae","Myioborus","pictus"
1319,6830,"Yellow-breasted Chat","Paruline polyglotte","Icteria virens","Passeriformes","Parulidae","Icteria","virens"
1352,5860,"Olive Sparrow","Tohi olive","Arremonops rufivirgatus","Passeriformes","Emberizidae","Arremonops","rufivirgatus"
1357,5900,"Green-tailed Towhee","Tohi à queue verte","Pipilo chlorurus","Passeriformes","Emberizidae","Pipilo","chlorurus"
1358,5880,"Spotted Towhee","Tohi tacheté","Pipilo maculatus","Passeriformes","Emberizidae","Pipilo","maculatus"
1359,5870,"Eastern Towhee","Tohi à flancs roux","Pipilo erythrophthalmus","Passeriformes","Emberizidae","Pipilo","erythrophthalmus"
1360,5871,"unid. Spotted Towhee / Eastern Towhee","unid Tohi tacheté / Tohi à flancs roux","Pipilo maculatus / erythrophthalmus","Passeriformes","Emberizidae","Pipilo","maculatus / erythrophthalmus"
1362,5800,"Rufous-crowned Sparrow","Tohi à calotte fauve","Aimophila ruficeps","Passeriformes","Emberizidae","Aimophila","ruficeps"
1367,5910,"Canyon Towhee","Tohi des canyons","Melozone fusca","Passeriformes","Emberizidae","Melozone","fusca"
1369,5911,"California Towhee","Tohi de Californie","Melozone crissalis","Passeriformes","Emberizidae","Melozone","crissalis"
1370,5920,"Abert's Towhee","Tohi d'Abert","Melozone aberti","Passeriformes","Emberizidae","Melozone","aberti"
1372,5790,"Rufous-winged Sparrow","Bruant à épaulettes","Peucaea carpalis","Passeriformes","Emberizidae","Peucaea","carpalis"
1376,5760,"Botteri's Sparrow","Bruant de Botteri","Peucaea botterii","Passeriformes","Emberizidae","Peucaea","botterii"
1377,5780,"Cassin's Sparrow","Bruant de Cassin","Peucaea cassinii","Passeriformes","Emberizidae","Peucaea","cassinii"
1378,5750,"Bachman's Sparrow","Bruant des pinèdes","Peucaea aestivalis","Passeriformes","Emberizidae","Peucaea","aestivalis"
1380,5590,"American Tree Sparrow","Bruant hudsonien","Spizelloides arborea","Passeriformes","Emberizidae","Spizelloides","arborea"
1381,5600,"Chipping Sparrow","Bruant familier","Spizella passerina","Passeriformes","Emberizidae","Spizella","passerina"
1382,5610,"Clay-colored Sparrow","Bruant des plaines","Spizella pallida","Passeriformes","Emberizidae","Spizella","pallida"
1383,5620,"Brewer's Sparrow","Bruant de Brewer","Spizella breweri","Passeriformes","Emberizidae","Spizella","breweri"
1384,5630,"Field Sparrow","Bruant des champs","Spizella pusilla","Passeriformes","Emberizidae","Spizella","pusilla"
1386,5650,"Black-chinned Sparrow","Bruant à menton noir","Spizella atrogularis","Passeriformes","Emberizidae","Spizella","atrogularis"
1387,5400,"Vesper Sparrow","Bruant vespéral","Pooecetes gramineus","Passeriformes","Emberizidae","Pooecetes","gramineus"
1388,5520,"Lark Sparrow","Bruant à joues marron","Chondestes grammacus","Passeriformes","Emberizidae","Chondestes","grammacus"
1390,5730,"Black-throated Sparrow","Bruant à gorge noire","Amphispiza bilineata","Passeriformes","Emberizidae","Amphispiza","bilineata"
1391,5738,"Sagebrush Sparrow","Bruant des armoises","Artemisiospiza nevadensis","Passeriformes","Emberizidae","Artemisiospiza","nevadensis"
1392,5739,"Bell's Sparrow","Bruant de Bell","Artemisiospiza belli","Passeriformes","Emberizidae","Artemisiospiza","belli"
1393,5740,"unid. Sagebrush Sparrow / Bell's Sparrow","unid Bruant des armoises / Burant de Bell","Artemisiospiza nevadensis / belli","Passeriformes","Emberizidae","Artemisiospiza","nevadensis / belli"
1394,6050,"Lark Bunting","Bruant noir et blanc","Calamospiza melanocorys","Passeriformes","Emberizidae","Calamospiza","melanocorys"
1395,5420,"Savannah Sparrow","Bruant des prés","Passerculus sandwichensis","Passeriformes","Emberizidae","Passerculus","sandwichensis"
1396,5460,"Grasshopper Sparrow","Bruant sauterelle","Ammodramus savannarum","Passeriformes","Emberizidae","Ammodramus","savannarum"
1397,5450,"Baird's Sparrow","Bruant de Baird","Ammodramus bairdii","Passeriformes","Emberizidae","Ammodramus","bairdii"
1398,5470,"Henslow's Sparrow","Bruant de Henslow","Ammodramus henslowii","Passeriformes","Emberizidae","Ammodramus","henslowii"
1399,5480,"Le Conte's Sparrow","Bruant de Le Conte","Ammodramus leconteii","Passeriformes","Emberizidae","Ammodramus","leconteii"
1400,5491,"Nelson's Sparrow","Bruant de Nelson","Ammodramus nelsoni","Passeriformes","Emberizidae","Ammodramus","nelsoni"
1401,5490,"Saltmarsh Sparrow","Bruant à queue aiguë","Ammodramus caudacutus","Passeriformes","Emberizidae","Ammodramus","caudacutus"
1402,5500,"Seaside Sparrow","Bruant maritime","Ammodramus maritimus","Passeriformes","Emberizidae","Ammodramus","maritimus"
1404,5850,"Fox Sparrow","Bruant fauve","Passerella iliaca","Passeriformes","Emberizidae","Passerella","iliaca"
1405,5810,"Song Sparrow","Bruant chanteur","Melospiza melodia","Passeriformes","Emberizidae","Melospiza","melodia"
1406,5830,"Lincoln's Sparrow","Bruant de Lincoln","Melospiza lincolnii","Passeriformes","Emberizidae","Melospiza","lincolnii"
1407,5840,"Swamp Sparrow","Bruant des marais","Melospiza georgiana","Passeriformes","Emberizidae","Melospiza","georgiana"
1409,5580,"White-throated Sparrow","Bruant à gorge blanche","Zonotrichia albicollis","Passeriformes","Emberizidae","Zonotrichia","albicollis"
1410,5530,"Harris's Sparrow","Bruant à face noire","Zonotrichia querula","Passeriformes","Emberizidae","Zonotrichia","querula"
1411,5540,"White-crowned Sparrow","Bruant à couronne blanche","Zonotrichia leucophrys","Passeriformes","Emberizidae","Zonotrichia","leucophrys"
1412,5570,"Golden-crowned Sparrow","Bruant à couronne dorée","Zonotrichia atricapilla","Passeriformes","Emberizidae","Zonotrichia","atricapilla"
1413,5670,"(Slate-colored Junco) Dark-eyed Junco","Junco ardoisé (groupe hyemalis)","Junco hyemalis hyemalis","Passeriformes","Emberizidae","Junco","hyemalis hyemalis"
1414,5671,"(Oregon Junco) Dark-eyed Junco","Junco ardoisé (groupe oreganus)","Junco hyemalis oreganus","Passeriformes","Emberizidae","Junco","hyemalis oreganus"
1415,5680,"(Pink-sided Junco) Dark-eyed Junco","Junco ardoisé (groupe mearnsi)","Junco hyemalis mearnsi","Passeriformes","Emberizidae","Junco","hyemalis mearnsi"
1416,5660,"(White-winged Junco) Dark-eyed Junco","Junco ardoisé (à ailes blanches)","Junco hyemalis aikeni","Passeriformes","Emberizidae","Junco","hyemalis aikeni"
1417,5690,"(Gray-headed Junco) Dark-eyed Junco","Junco ardoisé (à tête grise)","Junco hyemalis caniceps","Passeriformes","Emberizidae","Junco","hyemalis caniceps"
1418,5677,"(unid. race) Dark-eyed Junco","Junco ardoisé (groupe non identifié)","Junco hyemalis","Passeriformes","Emberizidae","Junco","hyemalis"
1420,5700,"Yellow-eyed Junco","Junco aux yeux jaunes","Junco phaeonotus","Passeriformes","Emberizidae","Junco","phaeonotus"
1432,6090,"Hepatic Tanager","Piranga orangé","Piranga flava","Passeriformes","Cardinalidae","Piranga","flava"
1433,6100,"Summer Tanager","Piranga vermillon","Piranga rubra","Passeriformes","Cardinalidae","Piranga","rubra"
1434,6080,"Scarlet Tanager","Piranga écarlate","Piranga olivacea","Passeriformes","Cardinalidae","Piranga","olivacea"
1435,6070,"Western Tanager","Piranga à tête rouge","Piranga ludoviciana","Passeriformes","Cardinalidae","Piranga","ludoviciana"
1443,5930,"Northern Cardinal","Cardinal rouge","Cardinalis cardinalis","Passeriformes","Cardinalidae","Cardinalis","cardinalis"
1444,5940,"Pyrrhuloxia","Cardinal pyrrhuloxia","Cardinalis sinuatus","Passeriformes","Cardinalidae","Cardinalis","sinuatus"
1445,5935,"unid. Northern Cardinal / Pyrrhuloxia","unid Cardinal rouge / Cardinal pyrrhuloxia","Cardinalis cardinalis / sinuatus","Passeriformes","Cardinalidae","Cardinalis","cardinalis / sinuatus"
1447,5950,"Rose-breasted Grosbeak","Cardinal à poitrine rose","Pheucticus ludovicianus","Passeriformes","Cardinalidae","Pheucticus","ludovicianus"
1448,5960,"Black-headed Grosbeak","Cardinal à tête noire","Pheucticus melanocephalus","Passeriformes","Cardinalidae","Pheucticus","melanocephalus"
1454,5970,"Blue Grosbeak","Guiraca bleu","Passerina caerulea","Passeriformes","Cardinalidae","Passerina","caerulea"
1455,5990,"Lazuli Bunting","Passerin azuré","Passerina amoena","Passeriformes","Cardinalidae","Passerina","amoena"
1456,5980,"Indigo Bunting","Passerin indigo","Passerina cyanea","Passeriformes","Cardinalidae","Passerina","cyanea"
1457,5986,"hybrid Lazuli Bunting x Indigo Bunting","hybride Passerin azuré x Passerin indigo","Passerina amoena x cyanea","Passeriformes","Cardinalidae","Passerina","amoena x cyanea"
1460,6000,"Varied Bunting","Passerin varié","Passerina versicolor","Passeriformes","Cardinalidae","Passerina","versicolor"
1461,6010,"Painted Bunting","Passerin nonpareil","Passerina ciris","Passeriformes","Cardinalidae","Passerina","ciris"
1462,6040,"Dickcissel","Dickcissel d'Amérique","Spiza americana","Passeriformes","Cardinalidae","Spiza","americana"
1463,4940,"Bobolink","Goglu des prés","Dolichonyx oryzivorus","Passeriformes","Icteridae","Dolichonyx","oryzivorus"
1464,4980,"Red-winged Blackbird","Carouge à épaulettes","Agelaius phoeniceus","Passeriformes","Icteridae","Agelaius","phoeniceus"
1465,5000,"Tricolored Blackbird","Carouge de Californie","Agelaius tricolor","Passeriformes","Icteridae","Agelaius","tricolor"
1467,5010,"Eastern Meadowlark","Sturnelle des prés","Sturnella magna","Passeriformes","Icteridae","Sturnella","magna"
1468,5011,"Western Meadowlark","Sturnelle de l'Ouest","Sturnella neglecta","Passeriformes","Icteridae","Sturnella","neglecta"
1469,5012,"unid. Eastern Meadowlark / Western Meadowlark","unid Sturnelle des prés / Sturnelle de l'Ouest","Sturnella magna / neglecta","Passeriformes","Icteridae","Sturnella","magna / neglecta"
1470,4970,"Yellow-headed Blackbird","Carouge à tête jaune","Xanthocephalus xanthocephalus","Passeriformes","Icteridae","Xanthocephalus","xanthocephalus"
1472,5090,"Rusty Blackbird","Quiscale rouilleux","Euphagus carolinus","Passeriformes","Icteridae","Euphagus","carolinus"
1473,5100,"Brewer's Blackbird","Quiscale de Brewer","Euphagus cyanocephalus","Passeriformes","Icteridae","Euphagus","cyanocephalus"
1474,5110,"Common Grackle","Quiscale bronzé","Quiscalus quiscula","Passeriformes","Icteridae","Quiscalus","quiscula"
1475,5130,"Boat-tailed Grackle","Quiscale des marais","Quiscalus major","Passeriformes","Icteridae","Quiscalus","major"
1476,5120,"Great-tailed Grackle","Quiscale à longue queue","Quiscalus mexicanus","Passeriformes","Icteridae","Quiscalus","mexicanus"
1477,5135,"unid. Boat-tailed Grackle / Great-tailed Grackle","unid Quiscale des marais / Quiscale à longue queue","Quiscalus major / mexicanus","Passeriformes","Icteridae","Quiscalus","major / mexicanus"
1478,4961,"Shiny Cowbird","Vacher luisant","Molothrus bonariensis","Passeriformes","Icteridae","Molothrus","bonariensis"
1479,4960,"Bronzed Cowbird","Vacher bronzé","Molothrus aeneus","Passeriformes","Icteridae","Molothrus","aeneus"
1480,4950,"Brown-headed Cowbird","Vacher à tête brune","Molothrus ater","Passeriformes","Icteridae","Molothrus","ater"
1482,4955,"unid. Bronzed Cowbird / Brown-headed Cowbird","unid Vacher bronzé / à tête brune","Molothrus aeneus / ater","Passeriformes","Icteridae","Molothrus","aeneus / ater"
1486,5060,"Orchard Oriole","Oriole des vergers","Icterus spurius","Passeriformes","Icteridae","Icterus","spurius"
1487,5050,"Hooded Oriole","Oriole masqué","Icterus cucullatus","Passeriformes","Icteridae","Icterus","cucullatus"
1491,5080,"Bullock's Oriole","Oriole de Bullock","Icterus bullockii","Passeriformes","Icteridae","Icterus","bullockii"
1493,5032,"Spot-breasted Oriole","Oriole maculé","Icterus pectoralis","Passeriformes","Icteridae","Icterus","pectoralis"
1494,5031,"Altamira Oriole","Oriole à gros bec","Icterus gularis","Passeriformes","Icteridae","Icterus","gularis"
1495,5030,"Audubon's Oriole","Oriole d'Audubon","Icterus graduacauda","Passeriformes","Icteridae","Icterus","graduacauda"
1496,5070,"Baltimore Oriole","Oriole de Baltimore","Icterus galbula","Passeriformes","Icteridae","Icterus","galbula"
1498,5077,"unid. Bullock's Oriole / Baltimore Oriole","unid Oriole de Baltimore / Oriole de Bullock's","Icterus bullockii / galbula","Passeriformes","Icteridae","Icterus","bullockii / galbula"
1500,5040,"Scott's Oriole","Oriole jaune-verdâtre","Icterus parisorum","Passeriformes","Icteridae","Icterus","parisorum"
