"Common_name","Scientific_name","Synonyms","Alt_common_names","SISRecID","genus","species","species_id","aou","english_common_name","sporder","family","nHabitats1","nHabitats2","index","major","marginal","suitable","weighted","Tol","OMI","volume"
"Muscovy Duck","Cairina moschata","","",22680061,"Cairina","moschata",28,10210,"Muscovy Duck","Anseriformes","Anatidae",2,5,0.764705882352941,0,0,5,2,NA,NA,NA
"Mountain Quail","Oreortyx pictus","","",22679591,"Oreortyx","pictus",84,2920,"Mountain Quail","Galliformes","Odontophoridae",3,3,0.882352941176471,0,1,2,1.66666666666667,0.544837506,8.127888497,0.202111985694465
"Northern Bobwhite","Colinus virginianus","","Bobwhite, Bobwhite Quail",22728956,"Colinus","virginianus",89,2890,"Northern Bobwhite","Galliformes","Odontophoridae",4,5,0.764705882352941,0,0,5,2,0.702806355,2.886976375,1.61565299314395
"Scaled Quail","Callipepla squamata","","",22679594,"Callipepla","squamata",91,2930,"Scaled Quail","Galliformes","Odontophoridae",2,2,0.941176470588235,2,0,0,3,0.289682163,9.488421192,0.57536860058206
"California Quail","Callipepla californica","Lophortyx californica","",22679603,"Callipepla","californica",93,2940,"California Quail","Galliformes","Odontophoridae",5,8,0.588235294117647,0,0,8,2,0.596121595,3.286222762,0.50369109864936
"Gambel's Quail","Callipepla gambelii","Lophortyx gambelii","",22679609,"Callipepla","gambelii",94,2950,"Gambel's Quail","Galliformes","Odontophoridae",3,3,0.882352941176471,1,0,2,2.33333333333333,0.429845498,12.21831011,NA
"Chukar","Alectoris chukar","","Chuckar, Chukar Partridge, Perdrix chukar",22678691,"Alectoris","chukar",99,2882,"Chukar","Galliformes","Phasianidae",2,2,0.941176470588235,0,0,2,2,0.908859864,9.791359851,0.511831145703362
"Grey Partridge","Perdix perdix","","Partridge, Gray Partridge",22678911,"Perdix","perdix",102,2881,"Gray Partridge","Galliformes","Phasianidae",3,3,0.882352941176471,0,0,3,2,0.416770198,3.620746627,1.86951577163408
"Common Pheasant","Phasianus colchicus","","",45100023,"Phasianus","colchicus",103,3091,"Ring-necked Pheasant","Galliformes","Phasianidae",3,3,0.882352941176471,0,0,3,2,0.639370212,0.974897295,1.97304035279365
"Ruffed Grouse","Bonasa umbellus","","",22679500,"Bonasa","umbellus",105,3000,"Ruffed Grouse","Galliformes","Phasianidae",1,2,0.941176470588235,0,0,2,2,0.501710523,2.395579591,0.943037020385806
"Sage Grouse","Centrocercus urophasianus","","Greater Sage Grouse, Greater Sage-Grouse",22679503,"Centrocercus","urophasianus",106,3090,"Greater Sage-Grouse","Galliformes","Phasianidae",1,1,1,1,0,0,3,0.616075687,9.10944503,0.264610488622184
"Spruce Grouse","Falcipennis canadensis","","",61204079,"Falcipennis","canadensis",108,2980,"Spruce Grouse","Galliformes","Phasianidae",1,2,0.941176470588235,1,0,1,2.5,0.532865024,4.65444245,1.36393510501636
"Dusky Grouse","Dendragapus obscurus","","",22734690,"Dendragapus","obscurus",112,2970,"Dusky Grouse","Galliformes","Phasianidae",1,2,0.941176470588235,0,0,2,2,1.197330758,7.879538616,NA
"Sooty Grouse","Dendragapus fuliginosus","","",22734695,"Dendragapus","fuliginosus",113,2971,"Sooty Grouse","Galliformes","Phasianidae",1,2,0.941176470588235,0,0,2,2,NA,NA,0.832597517081986
"unknown",NA,NA,NA,NA,"Dendragapus","obscurus / fuliginosus",114,2973,"unid. Dusky Grouse / Sooty Grouse","Galliformes","Phasianidae",NA,NA,NA,NA,NA,NA,NA,NA,NA,0.582197540798853
"Sharp-tailed Grouse","Tympanuchus phasianellus","","",22679511,"Tympanuchus","phasianellus",115,3080,"Sharp-tailed Grouse","Galliformes","Phasianidae",2,3,0.882352941176471,0,0,3,2,0.240486577,4.550534332,1.16153732855799
"Greater Prairie-chicken","Tympanuchus cupido","","Greater Prairie Chicken, Greater Prairie-Chicken",22679514,"Tympanuchus","cupido",116,3050,"Greater Prairie-Chicken","Galliformes","Phasianidae",2,2,0.941176470588235,2,0,0,3,0.112068416,1.527539696,0.704567560852948
"Lesser Prairie-chicken","Tympanuchus pallidicinctus","","Lesser Prairie Chicken, Gallo de las Praderas Chico, Lesser Prairie-Chicken",22679519,"Tympanuchus","pallidicinctus",117,3070,"Lesser Prairie-Chicken","Galliformes","Phasianidae",3,3,0.882352941176471,3,0,0,3,0.13402763,4.560564869,0.193409355049949
"Wild Turkey","Meleagris gallopavo","","Turkey",22679525,"Meleagris","gallopavo",118,3100,"Wild Turkey","Galliformes","Phasianidae",5,9,0.529411764705882,0,0,9,2,1.657639185,0.4952501,2.14578135513284
"Rock Dove","Columba livia","","Rock DoveI, Common Pigeon, Pigeon Biset",22690066,"Columba","livia",129,3131,"Rock Pigeon","Columbiformes","Columbidae",3,5,0.764705882352941,1,0,4,2.2,0.974153451,0.32761319,2.64750291814881
"Northern Band-tailed Pigeon","Patagioenas fasciata","","Band-tailed Pigeon",22725264,"Patagioenas","fasciata",135,3120,"Band-tailed Pigeon","Columbiformes","Columbidae",3,5,0.764705882352941,0,0,5,2,0.841919416,5.645513474,1.14420524560467
"African Collared-dove","Streptopelia roseogrisea","Streptopelia risoria","Ringed Turtle-Dove, African Collared Dove, Rose-grey Dove, Tourterelle rieuse, African Collared-Dove, Barbary Dove",22690515,"Streptopelia","roseogrisea",138,3152,"African Collared-Dove (a.k.a. Ringed Turtle-Dove)","Columbiformes","Columbidae",5,5,0.764705882352941,2,0,3,2.4,NA,NA,NA
"Eurasian Collared-dove","Streptopelia decaocto","","Collared Dove",22727811,"Streptopelia","decaocto",140,22860,"Eurasian Collared-Dove","Columbiformes","Columbidae",2,9,0.529411764705882,0,0,9,2,0.441991907,10.8854147,2.98930183251764
"Inca Dove","Columbina inca","Scardafella inca","",22690762,"Columbina","inca",142,3210,"Inca Dove","Columbiformes","Columbidae",2,4,0.823529411764706,1,0,3,2.25,0.253162027,7.522516129,0.9255279064292
"Common Ground-dove","Columbina passerina","","Common Ground-Dove, Common Ground Dove",22690774,"Columbina","passerina",143,3200,"Common Ground-Dove","Columbiformes","Columbidae",3,8,0.588235294117647,1,0,7,2.125,0.197888061,9.453513421,0.314225325947752
"White-winged Dove","Zenaida asiatica","","",22733956,"Zenaida","asiatica",156,3190,"White-winged Dove","Columbiformes","Columbidae",4,7,0.647058823529412,1,0,6,2.14285714285714,0.977561372,14.17889902,1.70889532037997
"Mourning Dove","Zenaida macroura","","American Mourning Dove",22690736,"Zenaida","macroura",158,3160,"Mourning Dove","Columbiformes","Columbidae",4,8,0.588235294117647,1,0,7,2.125,1.491715815,0.684421295,2.76838175834495
"Yellow-billed Cuckoo","Coccyzus americanus","","",22684331,"Coccyzus","americanus",164,3870,"Yellow-billed Cuckoo","Cuculiformes","Cuculidae",3,5,0.764705882352941,1,0,4,2.2,0.851683359,3.178531019,1.6968442703365
"Black-billed Cuckoo","Coccyzus erythropthalmus","","",22684328,"Coccyzus","erythropthalmus",166,3880,"Black-billed Cuckoo","Cuculiformes","Cuculidae",2,4,0.823529411764706,0,0,4,2,0.490991142,1.518615149,0.700845415828726
"unknown",NA,NA,NA,NA,"Coccyzus","americanus / erythropthalmus",167,3875,"unid. Yellow-billed Cuckoo / Black-billed Cuckoo","Cuculiformes","Cuculidae",NA,NA,NA,NA,NA,NA,NA,NA,NA,0.436546340114097
"Greater Roadrunner","Geococcyx californianus","","",22684458,"Geococcyx","californianus",172,3850,"Greater Roadrunner","Cuculiformes","Cuculidae",3,4,0.823529411764706,1,0,3,2.25,0.879396299,6.085618212,0.896299389324577
"Black Swift","Cypseloides niger","Nephoecetes niger","",22686440,"Cypseloides","niger",195,4220,"Black Swift","Apodiformes","Apodidae",3,3,0.882352941176471,2,0,1,2.66666666666667,0.798051067,7.951771324,0.689212526766416
"Chimney Swift","Chaetura pelagica","","",22686709,"Chaetura","pelagica",200,4230,"Chimney Swift","Apodiformes","Apodidae",2,2,0.941176470588235,0,0,2,2,0.983107587,2.398865991,1.71234719636357
"Vaux's Swift","Chaetura vauxi","","",22733935,"Chaetura","vauxi",201,4240,"Vaux's Swift","Apodiformes","Apodidae",2,4,0.823529411764706,1,0,3,2.25,1.228910191,5.462253569,0.972379596143781
"White-throated Swift","Aeronautes saxatalis","","",22686733,"Aeronautes","saxatalis",205,4250,"White-throated Swift","Apodiformes","Apodidae",5,5,0.764705882352941,2,0,3,2.4,1.041328137,6.658332956,1.34179000820594
"Ruby-throated Hummingbird","Archilochus colubris","","",22688193,"Archilochus","colubris",231,4280,"Ruby-throated Hummingbird","Apodiformes","Trochilidae",2,4,0.823529411764706,1,0,3,2.25,0.511032705,1.548242336,1.41820277848497
"Black-chinned Hummingbird","Archilochus alexandri","","",22688196,"Archilochus","alexandri",232,4290,"Black-chinned Hummingbird","Apodiformes","Trochilidae",2,5,0.764705882352941,2,0,3,2.4,1.162245665,4.693542545,2.011881754967
"unknown",NA,NA,NA,NA,"Archilochus","colubris / alexandri",233,4295,"unid. Ruby-throated / Black-chinned Hummingbird","Apodiformes","Trochilidae",NA,NA,NA,NA,NA,NA,NA,NA,NA,NA
"Anna's Hummingbird","Calypte anna","","",22688199,"Calypte","anna",234,4310,"Anna's Hummingbird","Apodiformes","Trochilidae",4,7,0.647058823529412,2,0,5,2.28571428571429,0.402562632,5.360472648,1.03354431588174
"Costa's Hummingbird","Calypte costae","","",22688202,"Calypte","costae",235,4300,"Costa's Hummingbird","Apodiformes","Trochilidae",3,3,0.882352941176471,2,0,1,2.66666666666667,NA,NA,NA
"Broad-tailed Hummingbird","Selasphorus platycercus","","",22688293,"Selasphorus","platycercus",238,4320,"Broad-tailed Hummingbird","Apodiformes","Trochilidae",4,6,0.705882352941176,3,0,3,2.5,0.702572913,13.97683455,1.01665960533677
"Rufous Hummingbird","Selasphorus rufus","","",22688296,"Selasphorus","rufus",239,4330,"Rufous Hummingbird","Apodiformes","Trochilidae",2,2,0.941176470588235,1,0,1,2.5,1.419376303,6.68509845,0.897016861109853
"unknown",NA,NA,NA,NA,"Trochilid","sp.",242,4402,"unid. Hummingbird","Apodiformes","Trochilidae",NA,NA,NA,NA,NA,NA,NA,NA,NA,2.16658890270755
"Calliope Hummingbird","Selasphorus calliope","Stellula calliope","",22688232,"Selasphorus","calliope",243,4360,"Calliope Hummingbird","Apodiformes","Trochilidae",3,5,0.764705882352941,2,0,3,2.4,0.515851638,5.348712212,0.6532842263345
"American Black Vulture","Coragyps atratus","","",22697624,"Coragyps","atratus",609,3260,"Black Vulture","Cathartiformes","Cathartidae",4,9,0.529411764705882,1,0,8,2.11111111111111,NA,NA,0.761147492773737
"Turkey Vulture","Cathartes aura","","",22697627,"Cathartes","aura",610,3250,"Turkey Vulture","Cathartiformes","Cathartidae",5,9,0.529411764705882,0,0,9,2,NA,NA,2.79296750408332
"unknown",NA,NA,NA,NA,"Coragyps / Cathartes","atratus / aura",612,3255,"unid. Black Vulture / Turkey Vulture","Accipitriformes","Cathartidae",NA,NA,NA,NA,NA,NA,NA,NA,NA,NA
"Osprey","Pandion haliaetus","","Balbuzard pêcheur",22694938,"Pandion","haliaetus",615,3640,"Osprey","Accipitriformes","Pandionidae",5,15,0.176470588235294,0,0,15,2,NA,NA,3.01629437350915
"Swallow-tailed Kite","Elanoides forficatus","","",22695017,"Elanoides","forficatus",618,3270,"Swallow-tailed Kite","Accipitriformes","Accipitridae",1,4,0.823529411764706,1,0,3,2.25,NA,NA,0.166076528265019
"Mississippi Kite","Ictinia mississippiensis","","",22695066,"Ictinia","mississippiensis",622,3290,"Mississippi Kite","Accipitriformes","Accipitridae",3,4,0.823529411764706,0,0,4,2,NA,NA,0.743417666722816
"Bald Eagle","Haliaeetus leucocephalus","","",22695144,"Haliaeetus","leucocephalus",625,3520,"Bald Eagle","Accipitriformes","Accipitridae",5,11,0.411764705882353,1,0,10,2.09090909090909,NA,NA,2.50689110770111
"Hen Harrier","Circus cyaneus","","",22727733,"Circus","cyaneus",629,3310,"Northern Harrier","Accipitriformes","Accipitridae",5,7,0.647058823529412,0,0,7,2,NA,NA,2.08891928940235
"Sharp-shinned Hawk","Accipiter striatus","","",22734130,"Accipiter","striatus",631,3320,"Sharp-shinned Hawk","Accipitriformes","Accipitridae",4,9,0.529411764705882,0,0,9,2,NA,NA,2.11397667053042
"Cooper's Hawk","Accipiter cooperii","","",22695656,"Accipiter","cooperii",632,3330,"Cooper's Hawk","Accipitriformes","Accipitridae",1,4,0.823529411764706,0,0,4,2,NA,NA,2.61075738437455
"Northern Goshawk","Accipiter gentilis","","Goshawk, Eurasian Goshawk, Autour des palombes",22695683,"Accipiter","gentilis",634,3340,"Northern Goshawk","Accipitriformes","Accipitridae",3,4,0.823529411764706,1,0,3,2.25,NA,NA,1.19462774930385
"unknown",NA,NA,NA,NA,"Accipiter","sp.",635,3333,"unid. Accipiter Hawk","Accipitriformes","Accipitridae",NA,NA,NA,NA,NA,NA,NA,NA,NA,2.92559536681459
"Harris's Hawk","Parabuteo unicinctus","","",22695838,"Parabuteo","unicinctus",641,3350,"Harris's Hawk","Accipitriformes","Accipitridae",3,4,0.823529411764706,1,0,3,2.25,NA,NA,NA
"Red-shouldered Hawk","Buteo lineatus","","",22695883,"Buteo","lineatus",645,3390,"Red-shouldered Hawk","Accipitriformes","Accipitridae",2,3,0.882352941176471,0,0,3,2,NA,NA,1.5355100499786
"Broad-winged Hawk","Buteo platypterus","","",22695891,"Buteo","platypterus",646,3430,"Broad-winged Hawk","Accipitriformes","Accipitridae",2,3,0.882352941176471,1,0,2,2.33333333333333,NA,NA,1.39286558899172
"Short-tailed Hawk","Buteo brachyurus","","",22695897,"Buteo","brachyurus",647,3440,"Short-tailed Hawk","Accipitriformes","Accipitridae",2,6,0.705882352941176,1,0,5,2.16666666666667,NA,NA,NA
"Swainson's Hawk","Buteo swainsoni","","",22695903,"Buteo","swainsoni",648,3420,"Swainson's Hawk","Accipitriformes","Accipitridae",3,6,0.705882352941176,1,0,5,2.16666666666667,NA,NA,1.94081888348054
"Red-tailed Hawk","Buteo jamaicensis","","",22695933,"Buteo","jamaicensis",650,3370,"Red-tailed Hawk","Accipitriformes","Accipitridae",5,11,0.411764705882353,0,0,11,2,NA,NA,2.97403966823163
"Ferruginous Hawk","Buteo regalis","","",22695970,"Buteo","regalis",653,3480,"Ferruginous Hawk","Accipitriformes","Accipitridae",3,3,0.882352941176471,1,0,2,2.33333333333333,NA,NA,1.32499978838919
"unknown",NA,NA,NA,NA,"Buteo","sp.",654,3451,"unid. Buteo hawk","Accipitriformes","Accipitridae",NA,NA,NA,NA,NA,NA,NA,NA,NA,3.73740871849045
"Golden Eagle","Aquila chrysaetos","","Aigle royal",22696060,"Aquila","chrysaetos",657,3490,"Golden Eagle","Accipitriformes","Accipitridae",5,9,0.529411764705882,1,0,8,2.11111111111111,NA,NA,1.34797646638269
"Lewis's Woodpecker","Melanerpes lewis","","",22680801,"Melanerpes","lewis",725,4080,"Lewis's Woodpecker","Piciformes","Picidae",2,4,0.823529411764706,3,0,1,2.75,0.76415724,5.541244932,1.20838900852071
"Red-headed Woodpecker","Melanerpes erythrocephalus","","",22680810,"Melanerpes","erythrocephalus",726,4060,"Red-headed Woodpecker","Piciformes","Picidae",4,10,0.470588235294118,2,0,8,2.2,0.829656281,1.64917007,1.68533166483441
"Acorn Woodpecker","Melanerpes formicivorus","","",22680813,"Melanerpes","formicivorus",727,4070,"Acorn Woodpecker","Piciformes","Picidae",3,6,0.705882352941176,3,0,3,2.5,0.292748223,5.666919753,NA
"Golden-fronted Woodpecker","Melanerpes aurifrons","","",22680862,"Melanerpes","aurifrons",733,4100,"Golden-fronted Woodpecker","Piciformes","Picidae",4,9,0.529411764705882,1,0,8,2.11111111111111,0.205272787,9.783140474,0.178287469760948
"Red-bellied Woodpecker","Melanerpes carolinus","","",22680856,"Melanerpes","carolinus",734,4090,"Red-bellied Woodpecker","Piciformes","Picidae",4,8,0.588235294117647,2,0,6,2.25,1.085595992,4.067896708,1.47124494666417
"Williamson's Sapsucker","Sphyrapicus thyroideus","","",22680877,"Sphyrapicus","thyroideus",735,4040,"Williamson's Sapsucker","Piciformes","Picidae",1,2,0.941176470588235,2,0,0,3,0.536981654,8.332553558,0.264287676377116
"Yellow-bellied Sapsucker","Sphyrapicus varius","","",22680868,"Sphyrapicus","varius",736,4020,"Yellow-bellied Sapsucker","Piciformes","Picidae",1,2,0.941176470588235,2,0,0,3,0.126316345,2.704199742,0.459336011676449
"Red-naped Sapsucker","Sphyrapicus nuchalis","","",22680871,"Sphyrapicus","nuchalis",737,4021,"Red-naped Sapsucker","Piciformes","Picidae",1,3,0.882352941176471,2,0,1,2.66666666666667,0.867756653,7.244018639,0.674574725785114
"Red-breasted Sapsucker","Sphyrapicus ruber","","",22680874,"Sphyrapicus","ruber",738,4030,"Red-breasted Sapsucker","Piciformes","Picidae",1,5,0.764705882352941,3,0,2,2.6,1.743808508,6.892149875,0.810774276820912
"unknown",NA,NA,NA,NA,"Sphyrapicus","sp.",739,4022,"unid. Sapsucker","Piciformes","Picidae",NA,NA,NA,NA,NA,NA,NA,NA,NA,0.824792932433465
"unknown",NA,NA,NA,22681152,"Picoides","scalaris",741,3960,"Ladder-backed Woodpecker","Piciformes","Picidae",2,6,0.705882352941176,1,0,5,2.16666666666667,0.473025534,7.53688505,0.599565779407473
"unknown",NA,NA,NA,22681149,"Picoides","nuttallii",742,3970,"Nuttall's Woodpecker","Piciformes","Picidae",2,4,0.823529411764706,2,0,2,2.5,0.170649942,5.078312968,NA
"unknown",NA,NA,NA,22681155,"Picoides","pubescens",743,3940,"Downy Woodpecker","Piciformes","Picidae",2,4,0.823529411764706,0,0,4,2,1.503556922,1.186920258,2.45571263472669
"unknown",NA,NA,NA,22681166,"Picoides","villosus",745,3930,"Hairy Woodpecker","Piciformes","Picidae",1,1,1,1,0,0,3,0.919225508,0.358554765,2.30193463607347
"unknown",NA,NA,NA,22681158,"Picoides","borealis",748,3950,"Red-cockaded Woodpecker","Piciformes","Picidae",2,3,0.882352941176471,1,0,2,2.33333333333333,0.172206004,9.507999293,0.489221518340067
"unknown",NA,NA,NA,22681169,"Picoides","albolarvatus",749,3990,"White-headed Woodpecker","Piciformes","Picidae",1,2,0.941176470588235,2,0,0,3,0.894721724,7.494403022,0.37366055968447
"Black-backed Woodpecker","Picoides arcticus","","",22681181,"Picoides","arcticus",751,4000,"Black-backed Woodpecker","Piciformes","Picidae",1,2,0.941176470588235,2,0,0,3,0.355675101,2.115381791,1.0019902870874
"Yellow-shafted Flicker","Colaptes auratus","","Northern Flicker",22726404,"Colaptes","auratus",754,4123,"(unid. Red/Yellow Shafted) Northern Flicker","Piciformes","Picidae",2,7,0.647058823529412,2,0,5,2.28571428571429,NA,NA,2.66269203757595
"unknown",NA,NA,NA,22726404,"Colaptes","auratus auratus",755,4120,"(Yellow-shafted Flicker) Northern Flicker","Piciformes","Picidae",2,7,0.647058823529412,2,0,5,2.28571428571429,1.845641156,0.167068911,1.68078176858413
"unknown",NA,NA,NA,22726414,"Colaptes","auratus cafer",756,4130,"(Red-shafted Flicker) Northern Flicker","Piciformes","Picidae",2,9,0.529411764705882,3,0,6,2.33333333333333,NA,NA,1.80902027769946
"unknown",NA,NA,NA,NA,"Colaptes","auratus auratus x auratus cafer",757,4125,"hybrid Northern Flicker (Red x Yellow-shafted)","Piciformes","Picidae",NA,NA,NA,NA,NA,NA,NA,NA,NA,NA
"unknown",NA,NA,NA,22681363,"Dryocopus","pileatus",761,4050,"Pileated Woodpecker","Piciformes","Picidae",3,6,0.705882352941176,3,0,3,2.5,1.498109736,1.617632656,1.96537790344528
"unknown",NA,NA,NA,NA,"Woodpecker","sp.",762,3920,"unid. Woodpecker","Piciformes","Picidae",NA,NA,NA,NA,NA,NA,NA,NA,NA,2.73233891934155
"Crested Caracara","Caracara cheriway","","Northern Crested Caracara",22696255,"Caracara","cheriway",768,3620,"Crested Caracara","Falconiformes","Falconidae",4,9,0.529411764705882,0,0,9,2,NA,NA,NA
"American Kestrel","Falco sparverius","","",22696395,"Falco","sparverius",770,3600,"American Kestrel","Falconiformes","Falconidae",7,11,0.411764705882353,0,0,11,2,NA,NA,2.57471574113656
"Merlin","Falco columbarius","","Faucon émerillon",22696453,"Falco","columbarius",772,3570,"Merlin","Falconiformes","Falconidae",3,6,0.705882352941176,0,0,6,2,NA,NA,0.794008186561029
"Peregrine Falcon","Falco peregrinus","Falco pelegrinoides","",45354964,"Falco","peregrinus",778,3560,"Peregrine Falcon","Falconiformes","Falconidae",9,16,0.117647058823529,1,0,15,2.0625,NA,NA,3.94986651748758
"Prairie Falcon","Falco mexicanus","","",22696504,"Falco","mexicanus",779,3550,"Prairie Falcon","Falconiformes","Falconidae",2,2,0.941176470588235,1,0,1,2.5,NA,NA,1.30150462793471
"Olive-sided Flycatcher","Contopus cooperi","Contopus borealis","",22699787,"Contopus","cooperi",866,4590,"Olive-sided Flycatcher","Passeriformes","Tyrannidae",3,6,0.705882352941176,2,1,3,2.16666666666667,1.20014417,3.51140411,1.31774124198888
"Western Wood-pewee","Contopus sordidulus","","Western Wood-Pewee, Western Wood Pewee",22699811,"Contopus","sordidulus",868,4620,"Western Wood-Pewee","Passeriformes","Tyrannidae",1,4,0.823529411764706,3,0,1,2.75,1.401444226,4.228258161,1.54689850581721
"Eastern Wood-pewee","Contopus virens","","Eastern Wood-Pewee, Eastern Wood Pewee",22699816,"Contopus","virens",869,4610,"Eastern Wood-Pewee","Passeriformes","Tyrannidae",1,1,1,1,0,0,3,0.498172414,1.699814236,1.41482177506494
"Yellow-bellied Flycatcher","Empidonax flaviventris","","",22699839,"Empidonax","flaviventris",872,4630,"Yellow-bellied Flycatcher","Passeriformes","Tyrannidae",2,3,0.882352941176471,3,0,0,3,0.083550662,3.398708046,0.407880866900123
"Acadian Flycatcher","Empidonax virescens","","",22699842,"Empidonax","virescens",873,4650,"Acadian Flycatcher","Passeriformes","Tyrannidae",2,4,0.823529411764706,2,0,2,2.5,0.55361241,2.987637288,1.0231149057282
"Alder Flycatcher","Empidonax alnorum","","",22699845,"Empidonax","alnorum",874,4661,"Alder Flycatcher","Passeriformes","Tyrannidae",1,2,0.941176470588235,1,0,1,2.5,0.71865062,4.052247138,0.556196717127041
"Willow Flycatcher","Empidonax traillii","","",22699848,"Empidonax","traillii",875,4660,"Willow Flycatcher","Passeriformes","Tyrannidae",2,3,0.882352941176471,2,0,1,2.66666666666667,0.953055457,0.62953436,1.70656400232509
"unknown",NA,NA,NA,NA,"Empidonax","alnorum / traillii",876,4665,"unid. Alder Flycatcher / Willow Flycatcher","Passeriformes","Tyrannidae",NA,NA,NA,NA,NA,NA,NA,NA,NA,0.597288708728388
"Least Flycatcher","Empidonax minimus","","",22699854,"Empidonax","minimus",878,4670,"Least Flycatcher","Passeriformes","Tyrannidae",2,3,0.882352941176471,1,0,2,2.33333333333333,0.595673133,3.031666396,0.689250418571707
"Hammond's Flycatcher","Empidonax hammondii","","",22699857,"Empidonax","hammondii",879,4680,"Hammond's Flycatcher","Passeriformes","Tyrannidae",1,2,0.941176470588235,2,0,0,3,0.749100891,5.964311344,0.920864002959552
"American Grey Flycatcher","Empidonax wrightii","","Gray Flycatcher, Grey Flycatcher",22699860,"Empidonax","wrightii",880,4691,"Gray Flycatcher","Passeriformes","Tyrannidae",2,4,0.823529411764706,2,0,2,2.5,0.365554071,7.505603061,0.380349615245863
"American Dusky Flycatcher","Empidonax oberholseri","","Dusky Flycatcher",22699864,"Empidonax","oberholseri",881,4690,"Dusky Flycatcher","Passeriformes","Tyrannidae",2,2,0.941176470588235,2,0,0,3,0.695540562,5.944440078,0.775390855620927
"unknown",NA,NA,NA,NA,"Empidonax","hammondii / oberholseri",882,4689,"unid. Hammond's Flycatcher / Dusky Flycatcher","Passeriformes","Tyrannidae",NA,NA,NA,NA,NA,NA,NA,NA,NA,NA
"Pacific-slope Flycatcher","Empidonax difficilis","","",22699871,"Empidonax","difficilis",884,4641,"Pacific-slope Flycatcher","Passeriformes","Tyrannidae",2,3,0.882352941176471,2,0,1,2.66666666666667,1.455547151,8.694437869,0.870819572037295
"Cordilleran Flycatcher","Empidonax occidentalis","","",22699874,"Empidonax","occidentalis",885,4640,"Cordilleran Flycatcher","Passeriformes","Tyrannidae",1,3,0.882352941176471,3,0,0,3,1.120024686,9.011460913,1.2352608138869
"unknown",NA,NA,NA,NA,"Empidonax","difficilis / occidentalis",886,4642,"unid. Cordilleran / Pacific-slope Flycatcher","Passeriformes","Tyrannidae",NA,NA,NA,NA,NA,NA,NA,NA,NA,0.937177233332041
"unknown",NA,NA,NA,NA,"Empidonax","sp.",889,4679,"unid. Empidonax Flycatcher","Passeriformes","Tyrannidae",NA,NA,NA,NA,NA,NA,NA,NA,NA,4.03657098981601
"Black Phoebe","Sayornis nigricans","","",22699892,"Sayornis","nigricans",890,4580,"Black Phoebe","Passeriformes","Tyrannidae",5,6,0.705882352941176,2,0,4,2.33333333333333,0.23356186,4.657765658,1.93716281990591
"Eastern Phoebe","Sayornis phoebe","","",22699886,"Sayornis","phoebe",891,4560,"Eastern Phoebe","Passeriformes","Tyrannidae",1,2,0.941176470588235,2,0,0,3,0.245614629,1.111370966,1.36876963619854
"Say's Phoebe","Sayornis saya","","",22699889,"Sayornis","saya",892,4570,"Say's Phoebe","Passeriformes","Tyrannidae",3,4,0.823529411764706,1,0,3,2.25,0.827618262,6.49578619,1.72083525364159
"Common Vermilion Flycatcher","Pyrocephalus rubinus","","",103682912,"Pyrocephalus","rubinus",893,4710,"Vermilion Flycatcher","Passeriformes","Tyrannidae",4,7,0.647058823529412,0,0,7,2,0.511635961,7.861118785,0.837939186669129
"Ash-throated Flycatcher","Myiarchus cinerascens","","",22700427,"Myiarchus","cinerascens",898,4540,"Ash-throated Flycatcher","Passeriformes","Tyrannidae",4,6,0.705882352941176,1,0,5,2.16666666666667,1.095834464,6.088753297,1.67776453416071
"Great Crested Flycatcher","Myiarchus crinitus","","",22700433,"Myiarchus","crinitus",900,4520,"Great Crested Flycatcher","Passeriformes","Tyrannidae",3,4,0.823529411764706,1,0,3,2.25,1.647426735,2.521659606,1.58912602869401
"Cassin's Kingbird","Tyrannus vociferans","","",22700491,"Tyrannus","vociferans",915,4480,"Cassin's Kingbird","Passeriformes","Tyrannidae",4,9,0.529411764705882,0,0,9,2,0.203620691,8.503639944,1.00962740912836
"Western Kingbird","Tyrannus verticalis","","",22700497,"Tyrannus","verticalis",917,4470,"Western Kingbird","Passeriformes","Tyrannidae",4,5,0.764705882352941,0,0,5,2,1.185542459,3.061968561,2.20883582614495
"Eastern Kingbird","Tyrannus tyrannus","","",22700506,"Tyrannus","tyrannus",918,4440,"Eastern Kingbird","Passeriformes","Tyrannidae",3,10,0.470588235294118,4,0,6,2.4,0.650771716,0.598506378,2.42947453530312
"Grey Kingbird","Tyrannus dominicensis","","Gray Kingbird",22700509,"Tyrannus","dominicensis",919,4450,"Gray Kingbird","Passeriformes","Tyrannidae",5,9,0.529411764705882,2,1,6,2.11111111111111,0.489194947,17.5206967,0.139404365619369
"unknown",NA,NA,NA,NA,"Tyrannus","vociferans / verticalis",921,4447,"unid. Cassin's Kingbird / Western Kingbird","Passeriformes","Tyrannidae",NA,NA,NA,NA,NA,NA,NA,NA,NA,NA
"Scissor-tailed Flycatcher","Tyrannus forficatus","","",22700500,"Tyrannus","forficatus",922,4430,"Scissor-tailed Flycatcher","Passeriformes","Tyrannidae",5,8,0.588235294117647,3,0,5,2.375,0.407786415,5.660724618,0.631396854042991
"Loggerhead Shrike","Lanius ludovicianus","","",22705042,"Lanius","ludovicianus",938,6220,"Loggerhead Shrike","Passeriformes","Laniidae",5,9,0.529411764705882,1,1,7,2,1.05339031,2.017336744,2.71029113125786
"Black-capped Vireo","Vireo atricapilla","Vireo atricapillus","",22705159,"Vireo","atricapilla",947,6300,"Black-capped Vireo","Passeriformes","Vireonidae",2,3,0.882352941176471,2,0,1,2.66666666666667,0.057836609,8.349522258,NA
"White-eyed Vireo","Vireo griseus","","",22705188,"Vireo","griseus",949,6310,"White-eyed Vireo","Passeriformes","Vireonidae",4,6,0.705882352941176,1,0,5,2.16666666666667,0.702938989,6.586376949,0.954232946878305
"Bell's Vireo","Vireo bellii","","",22705156,"Vireo","bellii",954,6330,"Bell's Vireo","Passeriformes","Vireonidae",2,5,0.764705882352941,2,0,3,2.4,1.291694438,4.222669913,1.07117658839401
"Grey Vireo","Vireo vicinior","","Gray Vireo",22705209,"Vireo","vicinior",955,6340,"Gray Vireo","Passeriformes","Vireonidae",3,4,0.823529411764706,1,0,3,2.25,0.356276242,8.911199413,0.659136062675569
"Hutton's Vireo","Vireo huttoni","","",22705182,"Vireo","huttoni",956,6320,"Hutton's Vireo","Passeriformes","Vireonidae",1,3,0.882352941176471,2,0,1,2.66666666666667,0.615894614,6.868072898,NA
"Yellow-throated Vireo","Vireo flavifrons","","",22705237,"Vireo","flavifrons",957,6280,"Yellow-throated Vireo","Passeriformes","Vireonidae",1,3,0.882352941176471,2,0,1,2.66666666666667,0.932791643,2.299091888,1.30198259940332
"Cassin's Vireo","Vireo cassinii","","",22705228,"Vireo","cassinii",958,6291,"Cassin's Vireo","Passeriformes","Vireonidae",1,4,0.823529411764706,1,0,3,2.25,0.749449949,5.729187686,0.803022485988993
"Blue-headed Vireo","Vireo solitarius","","",22705234,"Vireo","solitarius",959,6290,"Blue-headed Vireo","Passeriformes","Vireonidae",1,5,0.764705882352941,2,0,3,2.4,0.246896379,1.959275558,0.778621017179198
"Plumbeous Vireo","Vireo plumbeus","","",22705231,"Vireo","plumbeus",962,6292,"Plumbeous Vireo","Passeriformes","Vireonidae",1,2,0.941176470588235,2,0,0,3,0.565566559,8.254016671,1.09635353210071
"Philadelphia Vireo","Vireo philadelphicus","","",22705240,"Vireo","philadelphicus",963,6260,"Philadelphia Vireo","Passeriformes","Vireonidae",1,2,0.941176470588235,1,0,1,2.5,0.257853595,4.490493997,0.452435511040717
"Warbling Vireo","Vireo gilvus","","Eastern Warbling-Vireo",22735122,"Vireo","gilvus",964,6270,"Warbling Vireo","Passeriformes","Vireonidae",2,3,0.882352941176471,2,0,1,2.66666666666667,2.609799781,1.68747922,1.91324990242367
"Red-eyed Vireo","Vireo olivaceus","","",22705243,"Vireo","olivaceus",966,6240,"Red-eyed Vireo","Passeriformes","Vireonidae",2,5,0.764705882352941,2,0,3,2.4,0.195461454,1.258807678,1.99248997310495
"Grey Jay","Perisoreus canadensis","","Gray Jay",22705783,"Perisoreus","canadensis",970,4840,"Gray Jay","Passeriformes","Corvidae",1,2,0.941176470588235,2,0,0,3,1.336927617,5.670291774,1.06371897988895
"Pinyon Jay","Gymnorhinus cyanocephalus","","",22705608,"Gymnorhinus","cyanocephalus",983,4920,"Pinyon Jay","Passeriformes","Corvidae",2,2,0.941176470588235,1,0,1,2.5,0.269656293,10.4031823,0.960615704520903
"Steller's Jay","Cyanocitta stelleri","","",22705614,"Cyanocitta","stelleri",984,4780,"Steller's Jay","Passeriformes","Corvidae",2,5,0.764705882352941,2,0,3,2.4,0.801880717,5.782344834,0.993186086961302
"Blue Jay","Cyanocitta cristata","","",22705611,"Cyanocitta","cristata",985,4770,"Blue Jay","Passeriformes","Corvidae",2,6,0.705882352941176,2,0,4,2.33333333333333,1.241172409,2.085540126,1.77366519073773
"Florida Scrub-jay","Aphelocoma coerulescens","","Florida Scrub Jay, Florida Jay, Florida Scrub-Jay",22705629,"Aphelocoma","coerulescens",986,4790,"Florida Scrub-Jay","Passeriformes","Corvidae",1,1,1,1,0,0,3,NA,NA,NA
"Western Scrub-jay","Aphelocoma californica","Aphelocoma insularis","",103727785,"Aphelocoma","californica",988,4812,"California Scrub-Jay","Passeriformes","Corvidae",3,5,0.764705882352941,1,0,4,2.2,NA,NA,0.104754537051327
"unknown",NA,NA,NA,NA,"Aphelocoma","woodhouseii",989,4813,"Woodhouse's Scrub-Jay","Passeriformes","Corvidae",NA,NA,NA,NA,NA,NA,NA,NA,NA,1.53937606195925
"unknown",NA,NA,NA,NA,"Aphelocoma","californica / woodhouseii",990,4810,"unid. California Scrub-Jay / Woodhouse's Scrub-Jay","Passeriformes","Corvidae",NA,NA,NA,NA,NA,NA,NA,0.545351455,3.937463498,0.0890520634333769
"Clark's Nutcracker","Nucifraga columbiana","","",22705909,"Nucifraga","columbiana",994,4910,"Clark's Nutcracker","Passeriformes","Corvidae",2,3,0.882352941176471,3,0,0,3,0.878514789,10.16766858,0.577858758323618
"Black-billed Magpie","Pica hudsonia","","",103727176,"Pica","hudsonia",995,4750,"Black-billed Magpie","Passeriformes","Corvidae",5,12,0.352941176470588,0,0,12,2,0.623539952,4.558983754,2.02378655879196
"American Crow","Corvus brachyrhynchos","","",22705990,"Corvus","brachyrhynchos",998,4880,"American Crow","Passeriformes","Corvidae",4,8,0.588235294117647,0,0,8,2,1.209005306,0.838861605,2.73734775445446
"Northwestern Crow","Corvus caurinus","","North-western Crow",22705986,"Corvus","caurinus",999,4890,"Northwestern Crow","Passeriformes","Corvidae",4,7,0.647058823529412,5,0,2,2.71428571428571,1.410964561,10.61906564,NA
"Fish Crow","Corvus ossifragus","","",22705993,"Corvus","ossifragus",1002,4900,"Fish Crow","Passeriformes","Corvidae",3,6,0.705882352941176,2,0,4,2.33333333333333,0.723117853,6.913345179,0.756518800236218
"unknown",NA,NA,NA,NA,"Corvus","brachyrhynchos / ossifragus",1003,4881,"unid. American Crow / Fish Crow","Passeriformes","Corvidae",NA,NA,NA,NA,NA,NA,NA,NA,NA,0.813540666357237
"Chihuahuan Raven","Corvus cryptoleucus","","",22706055,"Corvus","cryptoleucus",1005,4870,"Chihuahuan Raven","Passeriformes","Corvidae",3,4,0.823529411764706,1,0,3,2.25,0.241456813,8.290080008,0.592007117759502
"Common Raven","Corvus corax","","Northern Raven, Raven",22706068,"Corvus","corax",1006,4860,"Common Raven","Passeriformes","Corvidae",5,8,0.588235294117647,2,0,6,2.25,2.060004207,2.177977045,2.0225797667464
"unknown",NA,NA,NA,NA,"Corvus","cryptoleucus / corax",1007,4865,"unid. Chihuahuan Raven / Common Raven","Passeriformes","Corvidae",NA,NA,NA,NA,NA,NA,NA,NA,NA,0.396122013758537
"Horned Lark","Eremophila alpestris","","Shore Lark",22717434,"Eremophila","alpestris",1009,4740,"Horned Lark","Passeriformes","Alaudidae",4,8,0.588235294117647,2,0,6,2.25,1.573628981,3.025976013,2.35743003117823
"Purple Martin","Progne subis","","",22712098,"Progne","subis",1010,6110,"Purple Martin","Passeriformes","Hirundinidae",4,10,0.470588235294118,3,0,7,2.3,1.503906491,3.86738481,1.64642457521014
"Tree Swallow","Tachycineta bicolor","","",22712057,"Tachycineta","bicolor",1016,6140,"Tree Swallow","Passeriformes","Hirundinidae",2,4,0.823529411764706,3,0,1,2.75,0.751957794,1.015030322,2.01439358359058
"Violet-green Swallow","Tachycineta thalassina","","",22712077,"Tachycineta","thalassina",1018,6150,"Violet-green Swallow","Passeriformes","Hirundinidae",5,6,0.705882352941176,1,0,5,2.16666666666667,1.454395118,4.086897601,1.22440731628856
"Northern Rough-winged Swallow","Stelgidopteryx serripennis","","",22712152,"Stelgidopteryx","serripennis",1022,6170,"Northern Rough-winged Swallow","Passeriformes","Hirundinidae",3,4,0.823529411764706,3,0,1,2.75,1.869717661,0.134801087,2.80420118087446
"Collared Sand Martin","Riparia riparia","","Sand Martin, Bank Swallow",103815961,"Riparia","riparia",1024,6160,"Bank Swallow","Passeriformes","Hirundinidae",2,5,0.764705882352941,0,0,5,2,1.032134756,1.292370194,1.88347769543853
"Cliff Swallow","Petrochelidon pyrrhonota","Hirundo pyrrhonota","American Cliff Swallow",22712427,"Petrochelidon","pyrrhonota",1025,6120,"Cliff Swallow","Passeriformes","Hirundinidae",4,9,0.529411764705882,0,0,9,2,1.386104338,0.86934939,2.56138999159129
"Cave Swallow","Petrochelidon fulva","Hirundo fulva","",22712435,"Petrochelidon","fulva",1026,6121,"Cave Swallow","Passeriformes","Hirundinidae",4,6,0.705882352941176,1,0,5,2.16666666666667,NA,NA,0.226909875641259
"unknown",NA,NA,NA,NA,"Petrochelidon","pyrrhonota / fulva",1027,6122,"unid. Cave Swallow / Cliff Swallow","Passeriformes","Hirundinidae",NA,NA,NA,NA,NA,NA,NA,NA,NA,NA
"Barn Swallow","Hirundo rustica","","Hirondelle de cheminée, European Swallow, Swallow",22712252,"Hirundo","rustica",1028,6130,"Barn Swallow","Passeriformes","Hirundinidae",4,9,0.529411764705882,0,0,9,2,1.363878198,0.415375433,2.79809327729115
"Carolina Chickadee","Poecile carolinensis","Poecile carolinensis; Parus carolinensis","",22711708,"Poecile","carolinensis",1030,7360,"Carolina Chickadee","Passeriformes","Paridae",4,6,0.705882352941176,1,0,5,2.16666666666667,0.547917033,4.147259975,0.89486672477103
"Black-capped Chickadee","Poecile atricapillus","Poecile atricapillus; Parus atricapillus","",22711716,"Poecile","atricapillus",1031,7350,"Black-capped Chickadee","Passeriformes","Paridae",2,4,0.823529411764706,1,0,3,2.25,0.46827529,1.246585051,1.50466051673853
"Mountain Chickadee","Poecile gambeli","Poecile gambeli; Parus gambeli","",22711724,"Poecile","gambeli",1032,7380,"Mountain Chickadee","Passeriformes","Paridae",2,4,0.823529411764706,2,0,2,2.5,0.660939916,7.338666386,0.711047165328027
"Chestnut-backed Chickadee","Poecile rufescens","Poecile rufescens; Parus rufescens","",22711767,"Poecile","rufescens",1034,7410,"Chestnut-backed Chickadee","Passeriformes","Paridae",3,6,0.705882352941176,2,0,4,2.33333333333333,1.281300137,8.345366743,0.821122713956927
"Boreal Chickadee","Poecile hudsonicus","Poecile hudsonica; Parus hudsonicus","",22711759,"Poecile","hudsonicus",1035,7400,"Boreal Chickadee","Passeriformes","Paridae",1,2,0.941176470588235,1,0,1,2.5,0.997144792,4.798456272,0.402011998175127
"unknown",NA,NA,NA,NA,"Poecile","carolinensis / atricapillus",1037,7352,"unid. Carolina Chickadee / Black-capped Chickadee","Passeriformes","Paridae",NA,NA,NA,NA,NA,NA,NA,NA,NA,NA
"unknown",NA,NA,NA,NA,"Poecile","atricapillus / gambeli",1038,7353,"unid. Black-capped Chickadee / Mountain Chickadee","Passeriformes","Paridae",NA,NA,NA,NA,NA,NA,NA,NA,NA,NA
"unknown",NA,NA,NA,NA,"Poecile","sp.",1040,7351,"unid. western chickadee species","Passeriformes","Paridae",NA,NA,NA,NA,NA,NA,NA,NA,NA,NA
"Oak Titmouse","Baeolophus inornatus","","",22711978,"Baeolophus","inornatus",1042,7330,"Oak Titmouse","Passeriformes","Paridae",3,5,0.764705882352941,2,0,3,2.4,0.296572145,5.377123992,NA
"Juniper Titmouse","Baeolophus ridgwayi","","",22729143,"Baeolophus","ridgwayi",1043,7331,"Juniper Titmouse","Passeriformes","Paridae",2,3,0.882352941176471,1,0,2,2.33333333333333,0.219187092,9.211865755,0.694110127959146
"unknown",NA,NA,NA,NA,"Baeolophus","inornatus / ridgwayi",1044,7332,"unid. Oak Titmouse / Juniper Titmouse","Passeriformes","Paridae",NA,NA,NA,NA,NA,NA,NA,NA,NA,NA
"Tufted Titmouse","Baeolophus bicolor","Parus bicolor","",22711983,"Baeolophus","bicolor",1045,7310,"Tufted Titmouse","Passeriformes","Paridae",3,6,0.705882352941176,2,0,4,2.33333333333333,0.753109202,2.971241218,1.47430935170198
"Black-crested Titmouse","Baeolophus atricristatus","Parus atricristatus","",22711989,"Baeolophus","atricristatus",1046,7320,"Black-crested Titmouse","Passeriformes","Paridae",2,4,0.823529411764706,2,0,2,2.5,NA,NA,0.109406661875332
"unknown",NA,NA,NA,NA,"Baeolophus","bicolor / atricristatus",1047,7315,"unid. Tufted Titmouse / Black-crested Titmouse","Passeriformes","Paridae",NA,NA,NA,NA,NA,NA,NA,NA,NA,NA
"Verdin","Auriparus flaviceps","","",22711568,"Auriparus","flaviceps",1048,7460,"Verdin","Passeriformes","Remizidae",3,4,0.823529411764706,2,0,2,2.5,0.507364369,11.46336115,0.290973121717667
"American Bushtit","Psaltriparus minimus","","Bushtit",22712028,"Psaltriparus","minimus",1049,7430,"Bushtit","Passeriformes","Aegithalidae",3,9,0.529411764705882,2,0,7,2.22222222222222,0.683303554,3.887148271,1.10463888956008
"Red-breasted Nuthatch","Sitta canadensis","","",22711196,"Sitta","canadensis",1050,7280,"Red-breasted Nuthatch","Passeriformes","Sittidae",1,2,0.941176470588235,2,0,0,3,1.159722652,2.784074169,1.30367782332317
"White-breasted Nuthatch","Sitta carolinensis","","",22711202,"Sitta","carolinensis",1051,7270,"White-breasted Nuthatch","Passeriformes","Sittidae",2,5,0.764705882352941,2,0,3,2.4,1.157398136,0.298841579,1.85218822134362
"Pygmy Nuthatch","Sitta pygmaea","","",22711170,"Sitta","pygmaea",1052,7300,"Pygmy Nuthatch","Passeriformes","Sittidae",1,2,0.941176470588235,2,0,0,3,0.814490128,6.292457792,0.714744956666454
"Brown-headed Nuthatch","Sitta pusilla","","",103881613,"Sitta","pusilla",1053,7290,"Brown-headed Nuthatch","Passeriformes","Sittidae",1,2,0.941176470588235,1,0,1,2.5,0.234353991,7.710200272,0.488060536432172
"American Treecreeper","Certhia americana","","Brown Creeper, American Tree-Creeper",22711244,"Certhia","americana",1054,7260,"Brown Creeper","Passeriformes","Certhiidae",1,2,0.941176470588235,2,0,0,3,1.329797246,2.331020079,1.17085676890566
"Rock Wren","Salpinctes obsoletus","","",22711332,"Salpinctes","obsoletus",1055,7150,"Rock Wren","Passeriformes","Troglodytidae",2,3,0.882352941176471,2,0,1,2.66666666666667,0.75250512,8.120001094,1.46615881314435
"Canyon Wren","Catherpes mexicanus","Salpinctes mexicanus","",22711335,"Catherpes","mexicanus",1057,7170,"Canyon Wren","Passeriformes","Troglodytidae",2,3,0.882352941176471,2,0,1,2.66666666666667,0.911310131,5.968899111,1.66228089498774
"House Wren","Troglodytes aedon","","",103886826,"Troglodytes","aedon",1060,7210,"House Wren","Passeriformes","Troglodytidae",4,11,0.411764705882353,0,0,11,2,1.306981107,0.69403224,2.00034526742669
"Pacific Wren","Troglodytes pacificus","","",103884879,"Troglodytes","pacificus",1064,7221,"Pacific Wren","Passeriformes","Troglodytidae",3,7,0.647058823529412,2,0,5,2.28571428571429,NA,NA,0.769426984965162
"Winter Wren","Troglodytes hiemalis","","",103885731,"Troglodytes","hiemalis",1065,7222,"Winter Wren","Passeriformes","Troglodytidae",3,7,0.647058823529412,2,0,5,2.28571428571429,NA,NA,0.449236828533266
"Grass Wren","Cistothorus platensis","","",103886997,"Cistothorus","platensis",1067,7240,"Sedge Wren","Passeriformes","Troglodytidae",4,6,0.705882352941176,0,0,6,2,0.31709376,3.998257099,0.459870209984805
"Marsh Wren","Cistothorus palustris","","",22711374,"Cistothorus","palustris",1068,7250,"Marsh Wren","Passeriformes","Troglodytidae",2,4,0.823529411764706,1,0,3,2.25,2.046173846,1.259024811,2.11312779632116
"Carolina Wren","Thryothorus ludovicianus","","",103887192,"Thryothorus","ludovicianus",1069,7180,"Carolina Wren","Passeriformes","Troglodytidae",2,5,0.764705882352941,0,0,5,2,0.752359057,5.488274952,1.35157512456145
"Bewick's Wren","Thryomanes bewickii","","",22711377,"Thryomanes","bewickii",1070,7190,"Bewick's Wren","Passeriformes","Troglodytidae",3,7,0.647058823529412,1,0,6,2.14285714285714,0.887121255,3.411040057,2.62906520183777
"Cactus Wren","Campylorhynchus brunneicapillus","","",22711287,"Campylorhynchus","brunneicapillus",1078,7130,"Cactus Wren","Passeriformes","Troglodytidae",1,2,0.941176470588235,1,0,1,2.5,0.441805607,11.45492416,0.744638546952669
"Blue-grey Gnatcatcher","Polioptila caerulea","","Blue-gray Gnatcatcher",22711581,"Polioptila","caerulea",1089,7510,"Blue-gray Gnatcatcher","Passeriformes","Polioptilidae",4,7,0.647058823529412,2,0,5,2.28571428571429,1.816567859,2.55139806,2.20548423303537
"Black-tailed Gnatcatcher","Polioptila melanura","","",22711588,"Polioptila","melanura",1091,7520,"Black-tailed Gnatcatcher","Passeriformes","Polioptilidae",1,2,0.941176470588235,1,0,1,2.5,0.476056118,13.411497,NA
"Golden-crowned Kinglet","Regulus satrapa","","",22712594,"Regulus","satrapa",1099,7480,"Golden-crowned Kinglet","Passeriformes","Regulidae",1,2,0.941176470588235,1,0,1,2.5,1.327840209,3.95215592,1.0403303630694
"Ruby-crowned Kinglet","Regulus calendula","","",22712567,"Regulus","calendula",1100,7490,"Ruby-crowned Kinglet","Passeriformes","Regulidae",1,2,0.941176470588235,1,0,1,2.5,1.44859251,4.652119373,1.06413506564808
"Wrentit","Chamaea fasciata","","",22716861,"Chamaea","fasciata",1110,7420,"Wrentit","Passeriformes","Sylviidae",1,2,0.941176470588235,1,0,1,2.5,0.368605755,6.19230182,NA
"Eastern Bluebird","Sialia sialis","","",22708550,"Sialia","sialis",1129,7660,"Eastern Bluebird","Passeriformes","Turdidae",4,6,0.705882352941176,2,0,4,2.33333333333333,0.88002471,2.391624807,1.65886739453454
"Western Bluebird","Sialia mexicana","","",22708553,"Sialia","mexicana",1130,7670,"Western Bluebird","Passeriformes","Turdidae",3,4,0.823529411764706,1,0,3,2.25,0.762182329,4.6245175,0.742739054182266
"Mountain Bluebird","Sialia currucoides","","",22708556,"Sialia","currucoides",1131,7680,"Mountain Bluebird","Passeriformes","Turdidae",3,5,0.764705882352941,0,0,5,2,0.875377756,7.374983451,1.02938012653782
"Townsend's Solitaire","Myadestes townsendi","","",22708587,"Myadestes","townsendi",1132,7540,"Townsend's Solitaire","Passeriformes","Turdidae",2,3,0.882352941176471,2,0,1,2.66666666666667,0.822590642,6.44681637,0.77041373679174
"Veery","Catharus fuscescens","","",22708655,"Catharus","fuscescens",1140,7560,"Veery","Passeriformes","Turdidae",1,1,1,1,0,0,3,0.289705173,2.144091534,0.900849276511834
"Grey-cheeked Thrush","Catharus minimus","","Gray-cheeked Thrush",22708658,"Catharus","minimus",1141,7570,"Gray-cheeked Thrush","Passeriformes","Turdidae",3,3,0.882352941176471,1,0,2,2.33333333333333,0.520741779,11.40970053,NA
"Bicknell's Thrush","Catharus bicknelli","","",22728467,"Catharus","bicknelli",1142,7571,"Bicknell's Thrush","Passeriformes","Turdidae",1,1,1,1,0,0,3,0.011927512,5.164850725,0.352953624776984
"Russet-backed Thrush","Catharus ustulatus","","",103881682,"Catharus","ustulatus",1143,7580,"Swainson's Thrush","Passeriformes","Turdidae",4,5,0.764705882352941,0,0,5,2,0.584531802,3.839199171,1.16833583626727
"Hermit Thrush","Catharus guttatus","","",22708667,"Catharus","guttatus",1144,7590,"Hermit Thrush","Passeriformes","Turdidae",1,2,0.941176470588235,2,0,0,3,0.712570889,2.462527232,1.02571967767352
"Wood Thrush","Hylocichla mustelina","Catharus mustelinus","",22708670,"Hylocichla","mustelina",1145,7550,"Wood Thrush","Passeriformes","Turdidae",1,1,1,1,0,0,3,0.42945037,1.895239164,1.28005947518811
"American Robin","Turdus migratorius","","",103889499,"Turdus","migratorius",1158,7610,"American Robin","Passeriformes","Turdidae",3,11,0.411764705882353,1,0,10,2.09090909090909,0.66658442,0.382260359,2.57729372486401
"Varied Thrush","Ixoreus naevius","Ixoreus naevius; Zoothera naevia","",22708385,"Ixoreus","naevius",1160,7630,"Varied Thrush","Passeriformes","Turdidae",1,2,0.941176470588235,2,0,0,3,1.224549813,7.188458665,0.708158470133505
"Grey Catbird","Dumetella carolinensis","","Gray Catbird",22711013,"Dumetella","carolinensis",1165,7040,"Gray Catbird","Passeriformes","Mimidae",3,3,0.882352941176471,1,0,2,2.33333333333333,0.312578421,1.02065407,1.95850501489462
"Curve-billed Thrasher","Toxostoma curvirostre","","",22711115,"Toxostoma","curvirostre",1166,7070,"Curve-billed Thrasher","Passeriformes","Mimidae",3,4,0.823529411764706,2,0,2,2.5,0.490721778,9.367458681,0.567094995370857
"Brown Thrasher","Toxostoma rufum","","",22711099,"Toxostoma","rufum",1168,7050,"Brown Thrasher","Passeriformes","Mimidae",2,2,0.941176470588235,1,0,1,2.5,1.197286772,1.566005782,1.73086150336047
"Long-billed Thrasher","Toxostoma longirostre","","",22711102,"Toxostoma","longirostre",1169,7060,"Long-billed Thrasher","Passeriformes","Mimidae",2,3,0.882352941176471,1,0,2,2.33333333333333,NA,NA,NA
"Bendire's Thrasher","Toxostoma bendirei","","",22711108,"Toxostoma","bendirei",1171,7080,"Bendire's Thrasher","Passeriformes","Mimidae",3,3,0.882352941176471,2,0,1,2.66666666666667,0.259241532,12.36917548,NA
"California Thrasher","Toxostoma redivivum","","",22711124,"Toxostoma","redivivum",1173,7100,"California Thrasher","Passeriformes","Mimidae",1,2,0.941176470588235,1,0,1,2.5,0.198791242,5.440186768,NA
"Crissal Thrasher","Toxostoma crissale","","",22711127,"Toxostoma","crissale",1175,7120,"Crissal Thrasher","Passeriformes","Mimidae",1,3,0.882352941176471,2,0,1,2.66666666666667,0.399966467,12.69391665,NA
"Sage Thrasher","Oreoscoptes montanus","","",22711096,"Oreoscoptes","montanus",1176,7020,"Sage Thrasher","Passeriformes","Mimidae",1,2,0.941176470588235,2,0,0,3,0.282004067,10.25227511,0.61900154382932
"Northern Mockingbird","Mimus polyglottos","","",22711026,"Mimus","polyglottos",1180,7030,"Northern Mockingbird","Passeriformes","Mimidae",3,7,0.647058823529412,2,0,5,2.28571428571429,1.169980826,3.558574725,2.62753063791076
"Common Starling","Sturnus vulgaris","","Etourneau sansonnet, Starling, European Starling",22710886,"Sturnus","vulgaris",1181,4930,"European Starling","Passeriformes","Sturnidae",5,9,0.529411764705882,0,0,9,2,1.11170781,0.403715316,2.76942604553203
"Bohemian Waxwing","Bombycilla garrulus","","Waxwing",22708146,"Bombycilla","garrulus",1184,6180,"Bohemian Waxwing","Passeriformes","Bombycillidae",1,1,1,1,0,0,3,0.517497909,11.25350234,NA
"Cedar Waxwing","Bombycilla cedrorum","","",22708153,"Bombycilla","cedrorum",1185,6190,"Cedar Waxwing","Passeriformes","Bombycillidae",3,3,0.882352941176471,1,0,2,2.33333333333333,0.475384278,0.992599613,1.72041489793605
"unknown",NA,NA,NA,NA,"Bombycilla","garrulus / cedrorum",1186,6185,"unid. Cedar Waxwing / Bohemian Waxwing","Passeriformes","Bombycillidae",NA,NA,NA,NA,NA,NA,NA,NA,NA,NA
"Phainopepla","Phainopepla nitens","","",22708139,"Phainopepla","nitens",1188,6200,"Phainopepla","Passeriformes","Ptiliogonatidae",3,4,0.823529411764706,2,0,2,2.5,0.638405078,10.622066,NA
"House Sparrow","Passer domesticus","","",103818789,"Passer","domesticus",1195,6882,"House Sparrow","Passeriformes","Passeridae",7,18,0,1,0,17,2.05555555555556,0.63021288,0.457469142,2.70722667602955
"Buff-bellied Pipit","Anthus rubescens","","American Pipit",22718575,"Anthus","rubescens",1205,6970,"American Pipit","Passeriformes","Motacillidae",4,6,0.705882352941176,2,0,4,2.33333333333333,0.632122536,9.847776315,NA
"Pine Grosbeak","Pinicola enucleator","","",22720625,"Pinicola","enucleator",1219,5150,"Pine Grosbeak","Passeriformes","Fringillidae",3,5,0.764705882352941,2,0,3,2.4,1.604015665,4.953961862,1.40593538826765
"House Finch","Haemorhous mexicanus","Carpodacus mexicanus","",22720563,"Haemorhous","mexicanus",1222,5190,"House Finch","Passeriformes","Fringillidae",3,7,0.647058823529412,1,0,6,2.14285714285714,1.256900321,0.388422576,2.80305658460166
"Purple Finch","Haemorhous purpureus","Carpodacus purpureus","",22720553,"Haemorhous","purpureus",1223,5170,"Purple Finch","Passeriformes","Fringillidae",2,7,0.647058823529412,0,0,7,2,0.731257847,1.586464137,0.842861600935345
"Cassin's Finch","Haemorhous cassinii","Carpodacus cassinii","",22720560,"Haemorhous","cassinii",1224,5180,"Cassin's Finch","Passeriformes","Fringillidae",1,2,0.941176470588235,0,0,2,2,0.723654562,7.794820872,0.649152109799056
"unknown",NA,NA,NA,NA,"Carpodacus","purpureus / cassinii / mexicanus",1225,5195,"unid. Purple Finch / Cassin's Finch / House Finch","Passeriformes","Fringillidae",NA,NA,NA,NA,NA,NA,NA,NA,NA,NA
"Red Crossbill","Loxia curvirostra","","Common Crossbill, Crossbill",22720646,"Loxia","curvirostra",1226,5210,"Red Crossbill","Passeriformes","Fringillidae",1,1,1,1,0,0,3,1.024812837,3.316838001,1.7495777632445
"Two-barred Crossbill","Loxia leucoptera","","White-winged Crossbill",22728944,"Loxia","leucoptera",1227,5220,"White-winged Crossbill","Passeriformes","Fringillidae",1,2,0.941176470588235,2,0,0,3,1.091295027,6.283468676,0.553715147336532
"unknown",NA,NA,NA,NA,"Loxia","curvirostra / leucoptera",1228,5225,"unid. Red Crossbill / White-winged Crossbill","Passeriformes","Fringillidae",NA,NA,NA,NA,NA,NA,NA,NA,NA,NA
"Redpoll","Acanthis flammea","Carduelis flammea","Common Redpoll",22725044,"Acanthis","flammea",1229,5280,"Common Redpoll","Passeriformes","Fringillidae",3,5,0.764705882352941,2,0,3,2.4,0.450611564,11.99522639,NA
"Pine Siskin","Spinus pinus","Carduelis pinus","",22720359,"Spinus","pinus",1233,5330,"Pine Siskin","Passeriformes","Fringillidae",3,5,0.764705882352941,2,0,3,2.4,1.649073427,4.822802414,1.44590601557186
"Lesser Goldfinch","Spinus psaltria","Carduelis psaltria","",22720410,"Spinus","psaltria",1236,5300,"Lesser Goldfinch","Passeriformes","Fringillidae",2,4,0.823529411764706,1,0,3,2.25,0.390222781,3.751377921,1.85242265089408
"Lawrence's Goldfinch","Spinus lawrencei","Carduelis lawrencei","",22720413,"Spinus","lawrencei",1237,5310,"Lawrence's Goldfinch","Passeriformes","Fringillidae",2,4,0.823529411764706,2,0,2,2.5,NA,NA,NA
"American Goldfinch","Spinus tristis","Carduelis tristis","",22720407,"Spinus","tristis",1238,5290,"American Goldfinch","Passeriformes","Fringillidae",4,8,0.588235294117647,0,0,8,2,0.513581978,0.795686837,2.18262859138536
"unknown",NA,NA,NA,22720702,"Coccothraustes","vespertinus",1243,5140,"Evening Grosbeak","Passeriformes","Fringillidae",2,3,0.882352941176471,1,0,2,2.33333333333333,0.579573101,2.383152525,1.12178794218312
"Chestnut-collared Longspur","Calcarius ornatus","","",22721040,"Calcarius","ornatus",1246,5380,"Chestnut-collared Longspur","Passeriformes","Calcariidae",2,2,0.941176470588235,1,0,1,2.5,0.074618588,4.760848747,0.165018196245982
"McCown's Longspur","Rhynchophanes mccownii","Calcarius mccownii","",22721025,"Rhynchophanes","mccownii",1248,5390,"McCown's Longspur","Passeriformes","Calcariidae",1,1,1,1,0,0,3,0.198765184,6.03143367,0.214080601007105
"Ovenbird","Seiurus aurocapilla","Seiurus aurocapillus","",22721779,"Seiurus","aurocapilla",1251,6740,"Ovenbird","Passeriformes","Parulidae",1,2,0.941176470588235,1,0,1,2.5,0.328786428,1.672051304,0.996005075700818
"Worm-eating Warbler","Helmitheros vermivorum","Helmitheros vermivorus","",22721768,"Helmitheros","vermivorum",1252,6390,"Worm-eating Warbler","Passeriformes","Parulidae",1,1,1,1,0,0,3,0.328734114,2.483297178,0.958176344697894
"Louisiana Waterthrush","Parkesia motacilla","Seiurus motacilla","",22721803,"Parkesia","motacilla",1253,6760,"Louisiana Waterthrush","Passeriformes","Parulidae",3,3,0.882352941176471,2,0,1,2.66666666666667,0.383609517,2.307089524,1.17774693371261
"Northern Waterthrush","Parkesia noveboracensis","Seiurus motacilla","",22721793,"Parkesia","noveboracensis",1254,6750,"Northern Waterthrush","Passeriformes","Parulidae",3,3,0.882352941176471,1,0,2,2.33333333333333,0.97382011,4.655778497,0.636457813982969
"Golden-winged Warbler","Vermivora chrysoptera","","",22721618,"Vermivora","chrysoptera",1255,6420,"Golden-winged Warbler","Passeriformes","Parulidae",5,5,0.764705882352941,2,0,3,2.4,0.370369676,2.358708253,0.363899579003784
"Blue-winged Warbler","Vermivora cyanoptera","Vermivora pinus","",22721610,"Vermivora","cyanoptera",1256,6410,"Blue-winged Warbler","Passeriformes","Parulidae",2,2,0.941176470588235,1,0,1,2.5,0.084154811,1.485537295,0.489265591033113
"unknown",NA,NA,NA,NA,"Vermivora","cyanoptera x chrysoptera",1257,6412,"Brewster's Warbler (Golden-winged x Blue-winged)","Passeriformes","Parulidae",NA,NA,NA,NA,NA,NA,NA,NA,NA,NA
"unknown",NA,NA,NA,NA,"Vermivora","chrysoptera x cyanoptera",1258,6413,"Lawrence's Warbler (Golden-winged x Blue-winged)","Passeriformes","Parulidae",NA,NA,NA,NA,NA,NA,NA,NA,NA,NA
"Black-and-white Warbler","Mniotilta varia","","Black-and-White Warbler",22721758,"Mniotilta","varia",1259,6360,"Black-and-white Warbler","Passeriformes","Parulidae",1,2,0.941176470588235,2,0,0,3,0.224271772,1.638853482,1.09483354450216
"Prothonotary Warbler","Protonotaria citrea","","",22721765,"Protonotaria","citrea",1260,6370,"Prothonotary Warbler","Passeriformes","Parulidae",1,1,1,1,0,0,3,0.56520463,6.350994826,0.735039650923578
"Swainson's Warbler","Limnothlypis swainsonii","","",22721776,"Limnothlypis","swainsonii",1261,6380,"Swainson's Warbler","Passeriformes","Parulidae",2,2,0.941176470588235,2,0,0,3,0.481799423,7.710696072,0.426761584617106
"unknown",NA,NA,NA,22721621,"Oreothlypis","peregrina",1263,6470,"Tennessee Warbler","Passeriformes","Parulidae",2,2,0.941176470588235,2,0,0,3,0.772753061,5.774972842,0.421178872924835
"unknown",NA,NA,NA,22721624,"Oreothlypis","celata",1264,6460,"Orange-crowned Warbler","Passeriformes","Parulidae",1,1,1,1,0,0,3,1.05085443,3.530283904,1.40508711628472
"unknown",NA,NA,NA,22721636,"Oreothlypis","luciae",1266,6430,"Lucy's Warbler","Passeriformes","Parulidae",1,1,1,1,0,0,3,0.156318943,11.87498859,NA
"unknown",NA,NA,NA,22721627,"Oreothlypis","ruficapilla",1267,6450,"Nashville Warbler","Passeriformes","Parulidae",1,2,0.941176470588235,2,0,0,3,0.223012613,1.982491851,0.972639427523614
"unknown",NA,NA,NA,22721630,"Oreothlypis","virginiae",1268,6440,"Virginia's Warbler","Passeriformes","Parulidae",1,1,1,1,0,0,3,0.422130997,8.993092736,1.39787202710887
"Connecticut Warbler","Oporornis agilis","Geothlypis agilis","",22721818,"Oporornis","agilis",1269,6780,"Connecticut Warbler","Passeriformes","Parulidae",2,2,0.941176470588235,1,0,1,2.5,0.164765849,5.934615786,0.256144306432976
"MacGillivray's Warbler","Geothlypis tolmiei","Geothlypis tolmiei; Oporornis tolmiei","",22721830,"Geothlypis","tolmiei",1271,6800,"MacGillivray's Warbler","Passeriformes","Parulidae",2,3,0.882352941176471,1,0,2,2.33333333333333,0.691474001,6.04260779,0.856117227051895
"Mourning Warbler","Geothlypis philadelphia","Geothlypis philadelphia; Oporornis philadelphia","",22721824,"Geothlypis","philadelphia",1272,6790,"Mourning Warbler","Passeriformes","Parulidae",2,2,0.941176470588235,1,0,1,2.5,0.155193116,3.457304594,0.497540444213608
"Kentucky Warbler","Geothlypis formosa","Geothlypis formosus; Oporornis formosus","",22721812,"Geothlypis","formosa",1273,6770,"Kentucky Warbler","Passeriformes","Parulidae",1,1,1,1,0,0,3,0.549650415,3.782228939,0.702639806375044
"Common Yellowthroat","Geothlypis trichas","","",22721836,"Geothlypis","trichas",1277,6810,"Common Yellowthroat","Passeriformes","Parulidae",3,3,0.882352941176471,1,0,2,2.33333333333333,0.491252122,0.863692569,2.55493351559897
"Hooded Warbler","Setophaga citrina","Wilsonia citrina","",22721876,"Setophaga","citrina",1279,6840,"Hooded Warbler","Passeriformes","Parulidae",1,1,1,1,0,0,3,0.946844037,4.457131599,1.11340754904171
"American Redstart","Setophaga ruticilla","","",22721762,"Setophaga","ruticilla",1280,6870,"American Redstart","Passeriformes","Parulidae",3,5,0.764705882352941,1,0,4,2.2,0.346476864,1.771554433,1.23569369865913
"Kirtland's Warbler","Setophaga kirtlandii","Dendroica kirtlandii","",22721722,"Setophaga","kirtlandii",1281,6700,"Kirtland's Warbler","Passeriformes","Parulidae",2,2,0.941176470588235,2,0,0,3,NA,NA,NA
"Cape May Warbler","Setophaga tigrina","Dendroica tigrina","",22721670,"Setophaga","tigrina",1282,6500,"Cape May Warbler","Passeriformes","Parulidae",1,1,1,1,0,0,3,0.261622086,3.98559056,0.367450198691947
"Cerulean Warbler","Setophaga cerulea","Dendroica cerulea","",22721740,"Setophaga","cerulea",1283,6580,"Cerulean Warbler","Passeriformes","Parulidae",1,1,1,1,0,0,3,0.118575559,1.758247707,0.740588599567094
"Northern Parula","Setophaga americana","Parula americana","",22721639,"Setophaga","americana",1284,6480,"Northern Parula","Passeriformes","Parulidae",1,1,1,1,0,0,3,1.132600371,3.192044514,1.54034220084052
"Magnolia Warbler","Setophaga magnolia","Dendroica magnolia","",22721667,"Setophaga","magnolia",1286,6570,"Magnolia Warbler","Passeriformes","Parulidae",1,1,1,1,0,0,3,0.115255684,3.073518749,0.463134990519351
"Bay-breasted Warbler","Setophaga castanea","Dendroica castanea","",22721734,"Setophaga","castanea",1287,6600,"Bay-breasted Warbler","Passeriformes","Parulidae",1,2,0.941176470588235,1,0,1,2.5,0.085293109,3.67824009,0.384985935921268
"Blackburnian Warbler","Setophaga fusca","Dendroica fusca","",22721695,"Setophaga","fusca",1288,6620,"Blackburnian Warbler","Passeriformes","Parulidae",1,1,1,1,0,0,3,0.131936687,2.698093217,0.434996007426496
"American Yellow Warbler","Setophaga petechia","Dendroica petechia","Golden Warbler, Yellow Warbler",22721657,"Setophaga","petechia",1289,6520,"Yellow Warbler","Passeriformes","Parulidae",3,4,0.823529411764706,0,0,4,2,1.025062808,1.260727196,2.07928439667259
"Chestnut-sided Warbler","Setophaga pensylvanica","Dendroica pensylvanica","",22721664,"Setophaga","pensylvanica",1290,6590,"Chestnut-sided Warbler","Passeriformes","Parulidae",3,3,0.882352941176471,0,0,3,2,0.164546879,2.524855503,0.504650889134344
"Blackpoll Warbler","Setophaga striata","Dendroica striata","",22721737,"Setophaga","striata",1291,6610,"Blackpoll Warbler","Passeriformes","Parulidae",2,3,0.882352941176471,1,0,2,2.33333333333333,0.92942734,6.936383836,0.527744003037205
"Black-throated Blue Warbler","Setophaga caerulescens","Dendroica caerulescens","",22721673,"Setophaga","caerulescens",1292,6540,"Black-throated Blue Warbler","Passeriformes","Parulidae",1,1,1,1,0,0,3,0.124830605,2.5552229,0.430684782646512
"Palm Warbler","Setophaga palmarum","Dendroica palmarum","",22721731,"Setophaga","palmarum",1293,6720,"Palm Warbler","Passeriformes","Parulidae",3,4,0.823529411764706,2,0,2,2.5,0.281622266,3.521797091,0.274958580239958
"Pine Warbler","Setophaga pinus","Dendroica pinus","",22721719,"Setophaga","pinus",1294,6710,"Pine Warbler","Passeriformes","Parulidae",1,1,1,1,0,0,3,1.01088946,5.373691483,1.46095061189175
"unknown",NA,NA,NA,103798425,"Setophaga","coronata coronata",1295,6550,"(Myrtle Warbler) Yellow-rumped Warbler","Passeriformes","Parulidae",1,2,0.941176470588235,2,0,0,3,1.250473627,3.847653162,0.465615234448602
"unknown",NA,NA,NA,103798482,"Setophaga","coronata audoboni",1296,6560,"(Audubon's Warbler) Yellow-rumped Warbler","Passeriformes","Parulidae",1,2,0.941176470588235,2,0,0,3,NA,NA,1.05542066453205
"Myrtle Warbler","Setophaga coronata","Dendroica coronata","",103798425,"Setophaga","coronata",1297,6556,"(unid. Myrtle/Audubon's) Yellow-rumped Warbler","Passeriformes","Parulidae",1,2,0.941176470588235,2,0,0,3,NA,NA,NA
"Yellow-throated Warbler","Setophaga dominica","Dendroica dominica","",22724793,"Setophaga","dominica",1298,6630,"Yellow-throated Warbler","Passeriformes","Parulidae",2,2,0.941176470588235,2,0,0,3,0.521936718,4.040777061,0.702030936121724
"Prairie Warbler","Setophaga discolor","Dendroica discolor","",22721725,"Setophaga","discolor",1299,6730,"Prairie Warbler","Passeriformes","Parulidae",3,3,0.882352941176471,1,0,2,2.33333333333333,0.591472624,3.874069786,1.07124309937206
"Black-throated Grey Warbler","Setophaga nigrescens","Dendroica nigrescens","Black-throated Gray Warbler",22721679,"Setophaga","nigrescens",1301,6650,"Black-throated Gray Warbler","Passeriformes","Parulidae",2,2,0.941176470588235,1,0,1,2.5,1.096216595,6.430476842,0.99330775560172
"Townsend's Warbler","Setophaga townsendi","Dendroica townsendi","",22721683,"Setophaga","townsendi",1302,6680,"Townsend's Warbler","Passeriformes","Parulidae",1,1,1,1,0,0,3,1.136130346,5.981542393,0.892618093913934
"Hermit Warbler","Setophaga occidentalis","Dendroica occidentalis","",22721686,"Setophaga","occidentalis",1303,6690,"Hermit Warbler","Passeriformes","Parulidae",1,1,1,1,0,0,3,0.463110722,10.20622586,0.428051989344092
"unknown",NA,NA,NA,NA,"Icterus","townsendi x occidentalis",1304,6686,"hybrid Townsend's Warbler x Hermit Warbler","Passeriformes","Icteridae",NA,NA,NA,NA,NA,NA,NA,NA,NA,NA
"unknown",NA,NA,NA,NA,"Setophaga","townsendi / occidentalis",1305,6685,"unid. Townsend's Warbler / Hermit Warbler","Passeriformes","Parulidae",NA,NA,NA,NA,NA,NA,NA,NA,NA,NA
"Black-throated Green Warbler","Setophaga virens","Dendroica virens","",22721689,"Setophaga","virens",1307,6670,"Black-throated Green Warbler","Passeriformes","Parulidae",2,2,0.941176470588235,1,0,1,2.5,0.169136973,2.220158109,0.560179102374297
"Canada Warbler","Cardellina canadensis","Wilsonia canadensis","",22721882,"Cardellina","canadensis",1312,6860,"Canada Warbler","Passeriformes","Parulidae",1,2,0.941176470588235,2,0,0,3,0.160740776,2.586435916,0.413410235411858
"Wilson's Warbler","Cardellina pusilla","Wilsonia pusilla","",22721879,"Cardellina","pusilla",1313,6850,"Wilson's Warbler","Passeriformes","Parulidae",4,7,0.647058823529412,0,0,7,2,0.867443808,4.077465074,1.64552398405888
"Yellow-breasted Chat","Icteria virens","","",22722057,"Icteria","virens",1319,6830,"Yellow-breasted Chat","Passeriformes","Parulidae",2,5,0.764705882352941,1,0,4,2.2,1.514439484,3.877116967,2.43426400207288
"Green-tailed Towhee","Pipilo chlorurus","","",22721304,"Pipilo","chlorurus",1357,5900,"Green-tailed Towhee","Passeriformes","Emberizidae",2,5,0.764705882352941,2,0,3,2.4,0.61851589,10.2170435,0.582441024716431
"Spotted Towhee","Pipilo maculatus","","",103772680,"Pipilo","maculatus",1358,5880,"Spotted Towhee","Passeriformes","Emberizidae",3,6,0.705882352941176,1,0,5,2.16666666666667,1.065415871,3.719501827,1.68870330561399
"Eastern Towhee","Pipilo erythrophthalmus","","",22721310,"Pipilo","erythrophthalmus",1359,5870,"Eastern Towhee","Passeriformes","Emberizidae",3,6,0.705882352941176,1,0,5,2.16666666666667,1.255019349,4.298879009,1.32654727358922
"unknown",NA,NA,NA,NA,"Pipilo","maculatus / erythrophthalmus",1360,5871,"unid. Spotted Towhee / Eastern Towhee","Passeriformes","Emberizidae",NA,NA,NA,NA,NA,NA,NA,NA,NA,NA
"Rufous-crowned Sparrow","Aimophila ruficeps","","",22721288,"Aimophila","ruficeps",1362,5800,"Rufous-crowned Sparrow","Passeriformes","Emberizidae",3,3,0.882352941176471,0,0,3,2,0.573144069,6.541632138,0.358169946468678
"Canyon Towhee","Melozone fusca","Pipilo fuscus","",22721331,"Melozone","fusca",1367,5910,"Canyon Towhee","Passeriformes","Emberizidae",1,3,0.882352941176471,1,0,2,2.33333333333333,0.405600321,7.475364004,0.664817940897915
"California Towhee","Melozone crissalis","Pipilo crissalis","",22721323,"Melozone","crissalis",1369,5911,"California Towhee","Passeriformes","Emberizidae",2,5,0.764705882352941,1,0,4,2.2,0.195762731,5.483517785,NA
"Cassin's Sparrow","Peucaea cassinii","Aimophila cassinii","",22721272,"Peucaea","cassinii",1377,5780,"Cassin's Sparrow","Passeriformes","Emberizidae",2,2,0.941176470588235,0,0,2,2,0.249722238,7.028941844,0.706756416164615
"Bachman's Sparrow","Peucaea aestivalis","Aimophila aestivalis","",22721256,"Peucaea","aestivalis",1378,5750,"Bachman's Sparrow","Passeriformes","Emberizidae",2,3,0.882352941176471,2,0,1,2.66666666666667,0.140304415,10.60184426,0.366838555487394
"Chipping Sparrow","Spizella passerina","","",22721162,"Spizella","passerina",1381,5600,"Chipping Sparrow","Passeriformes","Emberizidae",4,8,0.588235294117647,0,0,8,2,0.781101295,0.366438601,2.25880979302806
"Clay-colored Sparrow","Spizella pallida","","Clay-coloured Sparrow",22721165,"Spizella","pallida",1382,5610,"Clay-colored Sparrow","Passeriformes","Emberizidae",4,5,0.764705882352941,0,0,5,2,0.212103774,5.966264625,0.614194187181995
"Brewer's Sparrow","Spizella breweri","","",22734705,"Spizella","breweri",1383,5620,"Brewer's Sparrow","Passeriformes","Emberizidae",1,1,1,1,0,0,3,0.390908322,9.37272559,0.956723533686212
"Field Sparrow","Spizella pusilla","","",22721179,"Spizella","pusilla",1384,5630,"Field Sparrow","Passeriformes","Emberizidae",4,4,0.823529411764706,0,0,4,2,0.531877201,1.407385674,1.42414474778179
"Black-chinned Sparrow","Spizella atrogularis","","",22721185,"Spizella","atrogularis",1386,5650,"Black-chinned Sparrow","Passeriformes","Emberizidae",1,1,1,1,0,0,3,0.331299379,9.472270922,NA
"Vesper Sparrow","Pooecetes gramineus","","",22721188,"Pooecetes","gramineus",1387,5400,"Vesper Sparrow","Passeriformes","Emberizidae",3,4,0.823529411764706,1,0,3,2.25,1.13157477,3.54160538,1.78651493683922
"Lark Sparrow","Chondestes grammacus","","",22721191,"Chondestes","grammacus",1388,5520,"Lark Sparrow","Passeriformes","Emberizidae",3,4,0.823529411764706,1,0,3,2.25,1.057654225,3.122304815,2.1865752895884
"Black-throated Sparrow","Amphispiza bilineata","","",22721194,"Amphispiza","bilineata",1390,5730,"Black-throated Sparrow","Passeriformes","Emberizidae",2,2,0.941176470588235,1,0,1,2.5,0.695068077,12.44326636,1.19736077118512
"Sagebrush Sparrow","Artemisiospiza nevadensis","","",103780166,"Artemisiospiza","nevadensis",1391,5738,"Sagebrush Sparrow","Passeriformes","Emberizidae",1,1,1,1,0,0,3,NA,NA,0.31097242273215
"unknown",NA,NA,NA,NA,"Artemisiospiza","nevadensis / belli",1393,5740,"unid. Sagebrush Sparrow / Bell's Sparrow","Passeriformes","Emberizidae",NA,NA,NA,NA,NA,NA,NA,0.512228084,10.84127493,NA
"Lark Bunting","Calamospiza melanocorys","","",22721049,"Calamospiza","melanocorys",1394,6050,"Lark Bunting","Passeriformes","Emberizidae",2,2,0.941176470588235,1,0,1,2.5,0.223578916,5.235452993,1.08982965679944
"Savannah Sparrow","Passerculus sandwichensis","","",103780243,"Passerculus","sandwichensis",1395,5420,"Savannah Sparrow","Passeriformes","Emberizidae",6,13,0.294117647058823,1,0,12,2.07692307692308,1.074942128,2.660240319,1.5863933246516
"Grasshopper Sparrow","Ammodramus savannarum","","",22721144,"Ammodramus","savannarum",1396,5460,"Grasshopper Sparrow","Passeriformes","Emberizidae",3,5,0.764705882352941,0,0,5,2,0.648038201,0.888096334,2.04589142174994
"unknown",NA,NA,NA,22721141,"Ammodramus","bairdii",1397,5450,"Baird's Sparrow","Passeriformes","Emberizidae",1,1,1,1,0,0,3,0.095048673,5.76520358,NA
"unknown",NA,NA,NA,22721138,"Ammodramus","henslowii",1398,5470,"Henslow's Sparrow","Passeriformes","Emberizidae",3,3,0.882352941176471,1,0,2,2.33333333333333,0.064913309,1.249446228,0.801347297458915
"unknown",NA,NA,NA,22721135,"Ammodramus","leconteii",1399,5480,"Le Conte's Sparrow","Passeriformes","Emberizidae",2,2,0.941176470588235,2,0,0,3,0.158191092,6.204479114,0.272779094541808
"unknown",NA,NA,NA,22728393,"Ammodramus","nelsoni",1400,5491,"Nelson's Sparrow","Passeriformes","Emberizidae",1,2,0.941176470588235,2,0,0,3,0.591368444,4.880012767,0.272735563257053
"unknown",NA,NA,NA,22721123,"Ammodramus","maritimus",1402,5500,"Seaside Sparrow","Passeriformes","Emberizidae",1,1,1,1,0,0,3,0.432129342,4.507832918,NA
"Red Fox-sparrow","Passerella iliaca","","",103779110,"Passerella","iliaca",1404,5850,"Fox Sparrow","Passeriformes","Emberizidae",2,4,0.823529411764706,1,0,3,2.25,0.859304864,4.505949131,2.00816767279082
"Song Sparrow","Melospiza melodia","Zonotrichia melodia","",22721058,"Melospiza","melodia",1405,5810,"Song Sparrow","Passeriformes","Emberizidae",5,10,0.470588235294118,2,0,8,2.2,0.614205448,0.829345396,1.95837611935603
"Lincoln's Sparrow","Melospiza lincolnii","Zonotrichia lincolnii","",22721064,"Melospiza","lincolnii",1406,5830,"Lincoln's Sparrow","Passeriformes","Emberizidae",3,6,0.705882352941176,0,0,6,2,1.048972641,5.472799364,1.04772952908624
"Swamp Sparrow","Melospiza georgiana","Zonotrichia georgiana","",22721070,"Melospiza","georgiana",1407,5840,"Swamp Sparrow","Passeriformes","Emberizidae",1,4,0.823529411764706,0,0,4,2,0.272145802,2.521314336,0.522214333988891
"White-throated Sparrow","Zonotrichia albicollis","","",22721085,"Zonotrichia","albicollis",1409,5580,"White-throated Sparrow","Passeriformes","Emberizidae",2,3,0.882352941176471,0,0,3,2,0.135304425,3.454441063,0.447867566417406
"White-crowned Sparrow","Zonotrichia leucophrys","","",22721088,"Zonotrichia","leucophrys",1411,5540,"White-crowned Sparrow","Passeriformes","Emberizidae",4,5,0.764705882352941,0,0,5,2,2.39581225,7.216386599,1.50926277353827
"Golden-crowned Sparrow","Zonotrichia atricapilla","","",22721091,"Zonotrichia","atricapilla",1412,5570,"Golden-crowned Sparrow","Passeriformes","Emberizidae",3,5,0.764705882352941,0,0,5,2,0.258769855,9.066936452,NA
"unknown",NA,NA,NA,NA,"Junco","hyemalis hyemalis",1413,5670,"(Slate-colored Junco) Dark-eyed Junco","Passeriformes","Emberizidae",NA,NA,NA,NA,NA,NA,NA,NA,NA,0.467075543979051
"unknown",NA,NA,NA,NA,"Junco","hyemalis oreganus",1414,5671,"(Oregon Junco) Dark-eyed Junco","Passeriformes","Emberizidae",NA,NA,NA,NA,NA,NA,NA,NA,NA,0.788995011462364
"unknown",NA,NA,NA,NA,"Junco","hyemalis mearnsi",1415,5680,"(Pink-sided Junco) Dark-eyed Junco","Passeriformes","Emberizidae",NA,NA,NA,NA,NA,NA,NA,NA,NA,NA
"unknown",NA,NA,NA,NA,"Junco","hyemalis aikeni",1416,5660,"(White-winged Junco) Dark-eyed Junco","Passeriformes","Emberizidae",NA,NA,NA,NA,NA,NA,NA,1.165123254,3.673928021,NA
"unknown",NA,NA,NA,NA,"Junco","hyemalis caniceps",1417,5690,"(Gray-headed Junco) Dark-eyed Junco","Passeriformes","Emberizidae",NA,NA,NA,NA,NA,NA,NA,NA,NA,NA
"Dark-eyed Junco","Junco hyemalis","","",22721097,"Junco","hyemalis",1418,5677,"(unid. race) Dark-eyed Junco","Passeriformes","Emberizidae",1,2,0.941176470588235,0,0,2,2,NA,NA,NA
"Red Tanager","Piranga flava","","",103811599,"Piranga","flava",1432,6090,"Hepatic Tanager","Passeriformes","Cardinalidae",3,6,0.705882352941176,0,0,6,2,0.104669147,9.050921667,NA
"Summer Tanager","Piranga rubra","","",22722456,"Piranga","rubra",1433,6100,"Summer Tanager","Passeriformes","Cardinalidae",1,2,0.941176470588235,0,0,2,2,0.623351625,5.397428391,0.787775337462474
"Scarlet Tanager","Piranga olivacea","","",22722466,"Piranga","olivacea",1434,6080,"Scarlet Tanager","Passeriformes","Cardinalidae",2,4,0.823529411764706,1,0,3,2.25,0.104476479,1.395029261,0.820469832118523
"Western Tanager","Piranga ludoviciana","","",22722471,"Piranga","ludoviciana",1435,6070,"Western Tanager","Passeriformes","Cardinalidae",1,2,0.941176470588235,1,0,1,2.5,0.836442449,5.3411236,1.06592873601814
"Northern Cardinal","Cardinalis cardinalis","","",22723819,"Cardinalis","cardinalis",1443,5930,"Northern Cardinal","Passeriformes","Cardinalidae",4,8,0.588235294117647,1,0,7,2.125,1.068063539,3.391156058,1.67687367421953
"Pyrrhuloxia","Cardinalis sinuatus","","",22723825,"Cardinalis","sinuatus",1444,5940,"Pyrrhuloxia","Passeriformes","Cardinalidae",1,3,0.882352941176471,1,0,2,2.33333333333333,0.225755099,10.31874797,0.239955963607713
"Rose-breasted Grosbeak","Pheucticus ludovicianus","","",22723813,"Pheucticus","ludovicianus",1447,5950,"Rose-breasted Grosbeak","Passeriformes","Cardinalidae",1,2,0.941176470588235,2,0,0,3,0.283961607,1.947735345,0.652114922410248
"Black-headed Grosbeak","Pheucticus melanocephalus","","",22723816,"Pheucticus","melanocephalus",1448,5960,"Black-headed Grosbeak","Passeriformes","Cardinalidae",1,4,0.823529411764706,2,0,2,2.5,0.937194733,4.425723501,1.7092683628502
"Blue Grosbeak","Passerina caerulea","Guiraca caerulea","",22723939,"Passerina","caerulea",1454,5970,"Blue Grosbeak","Passeriformes","Cardinalidae",3,4,0.823529411764706,1,0,3,2.25,1.242707374,3.260680428,1.51627199256147
"Lazuli Bunting","Passerina amoena","","",22723948,"Passerina","amoena",1455,5990,"Lazuli Bunting","Passeriformes","Cardinalidae",2,3,0.882352941176471,2,0,1,2.66666666666667,0.937941795,4.082330441,1.34133833199476
"Indigo Bunting","Passerina cyanea","","",22723951,"Passerina","cyanea",1456,5980,"Indigo Bunting","Passeriformes","Cardinalidae",2,2,0.941176470588235,1,0,1,2.5,0.616412621,2.242278387,1.59713989762623
"Painted Bunting","Passerina ciris","","",22723957,"Passerina","ciris",1461,6010,"Painted Bunting","Passeriformes","Cardinalidae",2,2,0.941176470588235,2,0,0,3,0.272104868,6.125475391,0.773270218583691
"Dickcissel","Spiza americana","","",22723796,"Spiza","americana",1462,6040,"Dickcissel","Passeriformes","Cardinalidae",2,3,0.882352941176471,1,0,2,2.33333333333333,0.237939958,1.675167993,1.36135443285451
"Bobolink","Dolichonyx oryzivorus","","",22724367,"Dolichonyx","oryzivorus",1463,4940,"Bobolink","Passeriformes","Icteridae",2,2,0.941176470588235,1,0,1,2.5,0.340107043,2.063673173,0.783162974908294
"Red-winged Blackbird","Agelaius phoeniceus","","",22724191,"Agelaius","phoeniceus",1464,4980,"Red-winged Blackbird","Passeriformes","Icteridae",1,1,1,1,0,0,3,0.687206734,0.536031202,2.80232030755872
"Tricolored Blackbird","Agelaius tricolor","","Tricoloured Blackbird",22724196,"Agelaius","tricolor",1465,5000,"Tricolored Blackbird","Passeriformes","Icteridae",2,2,0.941176470588235,2,0,0,3,NA,NA,0.0645430306714841
"Eastern Meadowlark","Sturnella magna","","",22735434,"Sturnella","magna",1467,5010,"Eastern Meadowlark","Passeriformes","Icteridae",3,6,0.705882352941176,0,0,6,2,0.948144393,1.831046553,1.67227281821894
"Western Meadowlark","Sturnella neglecta","","",22724256,"Sturnella","neglecta",1468,5011,"Western Meadowlark","Passeriformes","Icteridae",3,5,0.764705882352941,0,0,5,2,0.755391965,3.151370635,2.36085715863351
"unknown",NA,NA,NA,NA,"Sturnella","magna / neglecta",1469,5012,"unid. Eastern Meadowlark / Western Meadowlark","Passeriformes","Icteridae",NA,NA,NA,NA,NA,NA,NA,NA,NA,1.51796098632009
"Yellow-headed Blackbird","Xanthocephalus xanthocephalus","","",22724169,"Xanthocephalus","xanthocephalus",1470,4970,"Yellow-headed Blackbird","Passeriformes","Icteridae",1,1,1,1,0,0,3,0.363683438,3.657978012,2.22586452313195
"Rusty Blackbird","Euphagus carolinus","","",22724329,"Euphagus","carolinus",1472,5090,"Rusty Blackbird","Passeriformes","Icteridae",1,2,0.941176470588235,2,0,0,3,1.038541327,5.784813761,0.452861316330791
"Brewer's Blackbird","Euphagus cyanocephalus","","",22724332,"Euphagus","cyanocephalus",1473,5100,"Brewer's Blackbird","Passeriformes","Icteridae",3,6,0.705882352941176,0,0,6,2,1.580961709,2.491170288,1.88398497172836
"Common Grackle","Quiscalus quiscula","","",22724320,"Quiscalus","quiscula",1474,5110,"Common Grackle","Passeriformes","Icteridae",4,7,0.647058823529412,0,0,7,2,0.558102149,1.15736578,2.00811023962257
"Boat-tailed Grackle","Quiscalus major","","",22724311,"Quiscalus","major",1475,5130,"Boat-tailed Grackle","Passeriformes","Icteridae",2,3,0.882352941176471,3,0,0,3,0.310012713,11.56569694,0.313259422104446
"Great-tailed Grackle","Quiscalus mexicanus","","",22724308,"Quiscalus","mexicanus",1476,5120,"Great-tailed Grackle","Passeriformes","Icteridae",4,11,0.411764705882353,0,0,11,2,0.843842668,8.703507423,1.3168564597145
"Shiny Cowbird","Molothrus bonariensis","","",22724345,"Molothrus","bonariensis",1478,4961,"Shiny Cowbird","Passeriformes","Icteridae",4,7,0.647058823529412,2,0,5,2.28571428571429,NA,NA,NA
"Bronzed Cowbird","Molothrus aeneus","","",22732035,"Molothrus","aeneus",1479,4960,"Bronzed Cowbird","Passeriformes","Icteridae",1,2,0.941176470588235,0,0,2,2,0.335029307,9.962702996,0.383646932664985
"Brown-headed Cowbird","Molothrus ater","","",22724354,"Molothrus","ater",1480,4950,"Brown-headed Cowbird","Passeriformes","Icteridae",2,4,0.823529411764706,0,0,4,2,0.941716143,0.263418275,2.85520486771783
"Orchard Oriole","Icterus spurius","","",103793298,"Icterus","spurius",1486,5060,"Orchard Oriole","Passeriformes","Icteridae",3,3,0.882352941176471,0,0,3,2,1.46527319,2.757402658,1.59192088472923
"Hooded Oriole","Icterus cucullatus","","",22724131,"Icterus","cucullatus",1487,5050,"Hooded Oriole","Passeriformes","Icteridae",1,1,1,1,0,0,3,0.453611615,8.278530596,NA
"Bullock's Oriole","Icterus bullockii","","",22729123,"Icterus","bullockii",1491,5080,"Bullock's Oriole","Passeriformes","Icteridae",2,3,0.882352941176471,0,0,3,2,0.78915891,2.892948196,1.82382880683112
"Baltimore Oriole","Icterus galbula","","",22724126,"Icterus","galbula",1496,5070,"Baltimore Oriole","Passeriformes","Icteridae",3,4,0.823529411764706,0,0,4,2,0.280286795,1.04363089,1.03644692499074
"unknown",NA,NA,NA,NA,"Icterus","bullockii / galbula",1498,5077,"unid. Bullock's Oriole / Baltimore Oriole","Passeriformes","Icteridae",NA,NA,NA,NA,NA,NA,NA,NA,NA,0.802312407001564
"Scott's Oriole","Icterus parisorum","","",22724160,"Icterus","parisorum",1500,5040,"Scott's Oriole","Passeriformes","Icteridae",2,3,0.882352941176471,1,0,2,2.33333333333333,0.509382493,11.18999153,1.93320102429462
